Region Detailed,Region
Africa,Africa
Africa - Central,Africa
Africa - Eritrea,Africa
Africa - North,Africa
Africa - South,Europe
Africa - Sudan,Africa
Asia Pacific,Asia Pacific
Asia Pacific - Australia,Asia Pacific
Asia Pacific - Hazardous,Asia Pacific
Asia Pacific - Japan,Asia Pacific
Asia Pacific - Japan & South Korea,Asia Pacific
Asia Pacific - Nepal,Asia Pacific
Asia Pacific - New Zealand,Asia Pacific
Asia Pacific - Papua & Indo,Asia Pacific
Asia Pacific - South Korea,Asia Pacific
Australia,Asia Pacific
Europe,Europe
Europe - Eastern,Europe
Europe - Russia,Europe
Europe - Western,Europe
International,International / Multi-National
International / Multi-National,International / Multi-National
Latin America,Latin America
Latin America and Caribbean,Latin America
Middle East,Middle East
Middle East - Hazardous,Middle East
Middle East - Iraq & Afghan,Middle East
North America,North America
North America - Canada,North America
