Limit as proportion of TIV,WS1,EQ1
0.000000,0.000000,0.000000
0.000100,0.002300,0.000700
0.001000,0.023500,0.007300
0.001100,0.025800,0.008000
0.001200,0.028200,0.008800
0.001300,0.030500,0.009500
0.001400,0.032900,0.010200
0.001500,0.035200,0.010900
0.001600,0.037600,0.011700
0.001700,0.039900,0.012400
0.001800,0.042300,0.013100
0.001900,0.044600,0.013900
0.002000,0.047000,0.014600
0.002100,0.049300,0.015300
0.002200,0.051700,0.016100
0.002300,0.054000,0.016800
0.002400,0.056400,0.017500
0.002500,0.058700,0.018200
0.002600,0.061100,0.019000
0.002700,0.063400,0.019700
0.002800,0.065800,0.020400
0.002900,0.068100,0.021200
0.003000,0.070500,0.021900
0.003100,0.072800,0.022600
0.003200,0.075200,0.023400
0.003300,0.077500,0.024100
0.003400,0.079900,0.024800
0.003500,0.082200,0.025500
0.003600,0.084600,0.026300
0.003700,0.086900,0.027000
0.003800,0.089300,0.027700
0.003900,0.091600,0.028500
0.004000,0.094000,0.029200
0.004100,0.096300,0.029900
0.004200,0.098700,0.030700
0.004300,0.101000,0.031400
0.004400,0.103400,0.032100
0.004500,0.105700,0.032800
0.004600,0.108100,0.033600
0.004700,0.110400,0.034300
0.004800,0.112800,0.035000
0.004900,0.115100,0.035800
0.005000,0.117500,0.036500
0.005100,0.119800,0.037200
0.005200,0.122200,0.038000
0.005300,0.124500,0.038700
0.005400,0.126900,0.039400
0.005500,0.129200,0.040100
0.005600,0.131600,0.040900
0.005700,0.133900,0.041600
0.005800,0.136300,0.042300
0.005900,0.138600,0.043100
0.006000,0.141000,0.043800
0.006100,0.143300,0.044500
0.006200,0.145700,0.045300
0.006300,0.148000,0.046000
0.006400,0.150400,0.046700
0.006500,0.152700,0.047400
0.006600,0.155100,0.048200
0.006700,0.157400,0.048900
0.006800,0.159800,0.049600
0.006900,0.162100,0.050400
0.007000,0.164500,0.051100
0.007100,0.166800,0.051800
0.007200,0.169200,0.052600
0.007300,0.171500,0.053300
0.007400,0.173900,0.054000
0.007500,0.176200,0.054700
0.007600,0.178600,0.055500
0.007700,0.180900,0.056200
0.007800,0.183300,0.056900
0.007900,0.185600,0.057700
0.008000,0.188000,0.058400
0.008100,0.190300,0.059100
0.008200,0.192700,0.059900
0.008300,0.195000,0.060600
0.008400,0.197400,0.061300
0.008500,0.199700,0.062000
0.008600,0.202100,0.062800
0.008700,0.204400,0.063500
0.008800,0.206800,0.064200
0.008900,0.209100,0.065000
0.009000,0.211500,0.065700
0.009100,0.213800,0.066400
0.009200,0.216200,0.067200
0.009300,0.218500,0.067900
0.009400,0.220900,0.068600
0.009500,0.223200,0.069300
0.009600,0.225600,0.070100
0.009700,0.227900,0.070800
0.009800,0.230300,0.071500
0.009900,0.232600,0.072300
0.010000,0.235000,0.073000
0.011000,0.251000,0.077500
0.012000,0.267000,0.082100
0.013000,0.283000,0.086600
0.014000,0.299000,0.091100
0.015000,0.315000,0.095600
0.016000,0.331000,0.100200
0.017000,0.347000,0.104700
0.018000,0.363000,0.109200
0.019000,0.379000,0.113700
0.020000,0.395000,0.118300
0.021000,0.407000,0.122700
0.022000,0.419000,0.127100
0.023000,0.431000,0.131500
0.024000,0.443000,0.135900
0.025000,0.455000,0.140400
0.026000,0.467000,0.144800
0.027000,0.479000,0.149200
0.028000,0.491000,0.153600
0.029000,0.503000,0.158000
0.030000,0.515000,0.162400
0.031000,0.523500,0.166200
0.032000,0.532000,0.169900
0.033000,0.540500,0.173600
0.034000,0.549000,0.177300
0.035000,0.557500,0.181000
0.036000,0.566000,0.184700
0.037000,0.574500,0.188400
0.038000,0.583000,0.192100
0.039000,0.591500,0.195800
0.040000,0.600000,0.199600
0.041000,0.606000,0.203200
0.042000,0.612000,0.206800
0.043000,0.618000,0.210400
0.044000,0.624000,0.214000
0.045000,0.630000,0.217700
0.046000,0.636000,0.221300
0.047000,0.642000,0.224900
0.048000,0.648000,0.228500
0.049000,0.654000,0.232100
0.050000,0.660000,0.235800
0.051000,0.664700,0.238700
0.052000,0.669500,0.241700
0.053000,0.674200,0.244600
0.054000,0.679000,0.247600
0.055000,0.683700,0.250500
0.056000,0.688500,0.253500
0.057000,0.693200,0.256500
0.058000,0.698000,0.259400
0.059000,0.702700,0.262400
0.060000,0.707500,0.265300
0.061000,0.711500,0.267600
0.062000,0.715500,0.269900
0.063000,0.719500,0.272200
0.064000,0.723500,0.274600
0.065000,0.727500,0.276900
0.066000,0.731500,0.279200
0.067000,0.735500,0.281500
0.068000,0.739500,0.283800
0.069000,0.743500,0.286100
0.070000,0.747500,0.288400
0.071000,0.750700,0.290100
0.072000,0.754000,0.291900
0.073000,0.757200,0.293600
0.074000,0.760500,0.295300
0.075000,0.763700,0.297000
0.076000,0.767000,0.298800
0.077000,0.770200,0.300500
0.078000,0.773500,0.302200
0.079000,0.776700,0.303900
0.080000,0.780000,0.305700
0.081000,0.782700,0.307100
0.082000,0.785500,0.308500
0.083000,0.788200,0.309900
0.084000,0.791000,0.311400
0.085000,0.793700,0.312800
0.086000,0.796500,0.314200
0.087000,0.799200,0.315700
0.088000,0.802000,0.317100
0.089000,0.804700,0.318500
0.090000,0.807500,0.320000
0.091000,0.809700,0.321300
0.092000,0.812000,0.322700
0.093000,0.814200,0.324100
0.094000,0.816500,0.325500
0.095000,0.818700,0.326800
0.096000,0.821000,0.328200
0.097000,0.823200,0.329600
0.098000,0.825500,0.331000
0.099000,0.827700,0.332300
0.100000,0.830000,0.333700
0.101000,0.831500,0.334800
0.102000,0.833000,0.336000
0.103000,0.834500,0.337100
0.104000,0.836000,0.338200
0.105000,0.837500,0.339400
0.106000,0.839000,0.340500
0.107000,0.840500,0.341600
0.108000,0.842000,0.342800
0.109000,0.843500,0.343900
0.110000,0.845000,0.345000
0.111000,0.846200,0.346100
0.112000,0.847500,0.347200
0.113000,0.848700,0.348300
0.114000,0.850000,0.349400
0.115000,0.851200,0.350500
0.116000,0.852500,0.351600
0.117000,0.853700,0.352700
0.118000,0.855000,0.353800
0.119000,0.856200,0.354900
0.120000,0.857500,0.356000
0.121000,0.858600,0.356900
0.122000,0.859800,0.357800
0.123000,0.860900,0.358700
0.124000,0.862100,0.359600
0.125000,0.863200,0.360500
0.126000,0.864400,0.361400
0.127000,0.865500,0.362300
0.128000,0.866700,0.363200
0.129000,0.867800,0.364100
0.130000,0.869000,0.365000
0.131000,0.870100,0.365900
0.132000,0.871200,0.366800
0.133000,0.872300,0.367700
0.134000,0.873400,0.368500
0.135000,0.874500,0.369400
0.136000,0.875600,0.370300
0.137000,0.876700,0.371200
0.138000,0.877800,0.372100
0.139000,0.878900,0.373000
0.140000,0.880000,0.373800
0.141000,0.881000,0.374700
0.142000,0.882000,0.375600
0.143000,0.883000,0.376400
0.144000,0.884000,0.377300
0.145000,0.885000,0.378200
0.146000,0.886000,0.379100
0.147000,0.887000,0.379900
0.148000,0.888000,0.380800
0.149000,0.889000,0.381700
0.150000,0.890000,0.382500
0.151000,0.890900,0.383300
0.152000,0.891800,0.384100
0.153000,0.892700,0.384900
0.154000,0.893600,0.385700
0.155000,0.894500,0.386500
0.156000,0.895400,0.387300
0.157000,0.896300,0.388100
0.158000,0.897200,0.388800
0.159000,0.898100,0.389600
0.160000,0.899000,0.390400
0.161000,0.899800,0.391200
0.162000,0.900600,0.392000
0.163000,0.901400,0.392800
0.164000,0.902200,0.393600
0.165000,0.903000,0.394300
0.166000,0.903800,0.395100
0.167000,0.904600,0.395900
0.168000,0.905400,0.396700
0.169000,0.906200,0.397500
0.170000,0.907000,0.398200
0.171000,0.907700,0.399000
0.172000,0.908400,0.399800
0.173000,0.909100,0.400600
0.174000,0.909800,0.401300
0.175000,0.910500,0.402100
0.176000,0.911200,0.402900
0.177000,0.911900,0.403700
0.178000,0.912600,0.404400
0.179000,0.913300,0.405200
0.180000,0.914000,0.406000
0.181000,0.914600,0.406800
0.182000,0.915200,0.407500
0.183000,0.915800,0.408300
0.184000,0.916400,0.409100
0.185000,0.917000,0.409800
0.186000,0.917600,0.410600
0.187000,0.918200,0.411400
0.188000,0.918800,0.412100
0.189000,0.919400,0.412900
0.190000,0.920000,0.413700
0.191000,0.920500,0.414400
0.192000,0.921000,0.415200
0.193000,0.921500,0.416000
0.194000,0.922000,0.416700
0.195000,0.922500,0.417500
0.196000,0.923000,0.418200
0.197000,0.923500,0.419000
0.198000,0.924000,0.419800
0.199000,0.924500,0.420500
0.200000,0.925000,0.421300
0.201000,0.925400,0.422000
0.202000,0.925900,0.422700
0.203000,0.926300,0.423400
0.204000,0.926800,0.424200
0.205000,0.927200,0.424900
0.206000,0.927700,0.425600
0.207000,0.928100,0.426300
0.208000,0.928600,0.427100
0.209000,0.929000,0.427800
0.210000,0.929500,0.428500
0.211000,0.929900,0.429200
0.212000,0.930300,0.430000
0.213000,0.930700,0.430700
0.214000,0.931100,0.431400
0.215000,0.931500,0.432100
0.216000,0.931900,0.432900
0.217000,0.932300,0.433600
0.218000,0.932700,0.434300
0.219000,0.933100,0.435000
0.220000,0.933500,0.435800
0.221000,0.933900,0.436500
0.222000,0.934300,0.437200
0.223000,0.934700,0.437900
0.224000,0.935100,0.438700
0.225000,0.935500,0.439400
0.226000,0.935900,0.440100
0.227000,0.936300,0.440800
0.228000,0.936700,0.441600
0.229000,0.937100,0.442300
0.230000,0.937500,0.443000
0.231000,0.937800,0.443700
0.232000,0.938200,0.444500
0.233000,0.938500,0.445200
0.234000,0.938900,0.445900
0.235000,0.939200,0.446600
0.236000,0.939600,0.447300
0.237000,0.939900,0.448100
0.238000,0.940300,0.448800
0.239000,0.940600,0.449500
0.240000,0.941000,0.450200
0.241000,0.941300,0.451000
0.242000,0.941700,0.451700
0.243000,0.942000,0.452400
0.244000,0.942400,0.453100
0.245000,0.942700,0.453900
0.246000,0.943100,0.454600
0.247000,0.943400,0.455300
0.248000,0.943800,0.456000
0.249000,0.944100,0.456800
0.250000,0.944500,0.457500
0.251000,0.944800,0.458200
0.252000,0.945200,0.458900
0.253000,0.945500,0.459600
0.254000,0.945900,0.460400
0.255000,0.946200,0.461100
0.256000,0.946600,0.461800
0.257000,0.946900,0.462500
0.258000,0.947300,0.463200
0.259000,0.947600,0.464000
0.260000,0.948000,0.464700
0.261000,0.948300,0.465400
0.262000,0.948600,0.466100
0.263000,0.948900,0.466800
0.264000,0.949200,0.467600
0.265000,0.949500,0.468300
0.266000,0.949800,0.469000
0.267000,0.950100,0.469700
0.268000,0.950400,0.470500
0.269000,0.950700,0.471200
0.270000,0.951000,0.471900
0.271000,0.951300,0.472600
0.272000,0.951600,0.473300
0.273000,0.951900,0.474100
0.274000,0.952200,0.474800
0.275000,0.952500,0.475500
0.276000,0.952800,0.476200
0.277000,0.953100,0.476900
0.278000,0.953400,0.477700
0.279000,0.953700,0.478400
0.280000,0.954000,0.479100
0.281000,0.954300,0.479800
0.282000,0.954600,0.480500
0.283000,0.954900,0.481300
0.284000,0.955200,0.482000
0.285000,0.955500,0.482700
0.286000,0.955800,0.483400
0.287000,0.956100,0.484200
0.288000,0.956400,0.484900
0.289000,0.956700,0.485600
0.290000,0.957000,0.486300
0.291000,0.957300,0.487000
0.292000,0.957600,0.487800
0.293000,0.957900,0.488500
0.294000,0.958200,0.489200
0.295000,0.958500,0.489900
0.296000,0.958800,0.490700
0.297000,0.959100,0.491400
0.298000,0.959400,0.492100
0.299000,0.959700,0.492800
0.300000,0.960000,0.493500
0.301000,0.960200,0.494300
0.302000,0.960500,0.495000
0.303000,0.960700,0.495700
0.304000,0.961000,0.496400
0.305000,0.961200,0.497100
0.306000,0.961500,0.497900
0.307000,0.961700,0.498600
0.308000,0.962000,0.499300
0.309000,0.962200,0.500000
0.310000,0.962500,0.500700
0.311000,0.962700,0.501500
0.312000,0.963000,0.502200
0.313000,0.963200,0.502900
0.314000,0.963500,0.503600
0.315000,0.963700,0.504400
0.316000,0.964000,0.505100
0.317000,0.964200,0.505800
0.318000,0.964500,0.506500
0.319000,0.964700,0.507200
0.320000,0.965000,0.508000
0.321000,0.965200,0.508700
0.322000,0.965500,0.509400
0.323000,0.965700,0.510100
0.324000,0.966000,0.510900
0.325000,0.966200,0.511600
0.326000,0.966500,0.512300
0.327000,0.966700,0.513000
0.328000,0.967000,0.513700
0.329000,0.967200,0.514500
0.330000,0.967500,0.515200
0.331000,0.967700,0.515900
0.332000,0.968000,0.516600
0.333000,0.968200,0.517400
0.334000,0.968500,0.518100
0.335000,0.968700,0.518800
0.336000,0.969000,0.519500
0.337000,0.969200,0.520200
0.338000,0.969500,0.521000
0.339000,0.969700,0.521700
0.340000,0.970000,0.522400
0.341000,0.970200,0.523100
0.342000,0.970500,0.523900
0.343000,0.970700,0.524600
0.344000,0.971000,0.525300
0.345000,0.971200,0.526000
0.346000,0.971500,0.526700
0.347000,0.971700,0.527500
0.348000,0.972000,0.528200
0.349000,0.972200,0.528900
0.350000,0.972500,0.529600
0.351000,0.972700,0.530400
0.352000,0.972900,0.531100
0.353000,0.973100,0.531800
0.354000,0.973300,0.532500
0.355000,0.973500,0.533300
0.356000,0.973700,0.534000
0.357000,0.973900,0.534700
0.358000,0.974100,0.535400
0.359000,0.974300,0.536100
0.360000,0.974500,0.536900
0.361000,0.974700,0.537600
0.362000,0.974900,0.538300
0.363000,0.975100,0.539000
0.364000,0.975300,0.539800
0.365000,0.975500,0.540500
0.366000,0.975700,0.541200
0.367000,0.975900,0.541900
0.368000,0.976100,0.542700
0.369000,0.976300,0.543400
0.370000,0.976500,0.544100
0.371000,0.976700,0.544800
0.372000,0.976900,0.545500
0.373000,0.977100,0.546300
0.374000,0.977300,0.547000
0.375000,0.977500,0.547700
0.376000,0.977700,0.548400
0.377000,0.977900,0.549200
0.378000,0.978100,0.549900
0.379000,0.978300,0.550600
0.380000,0.978500,0.551300
0.381000,0.978700,0.552100
0.382000,0.978900,0.552800
0.383000,0.979100,0.553500
0.384000,0.979300,0.554200
0.385000,0.979500,0.555000
0.386000,0.979700,0.555700
0.387000,0.979900,0.556400
0.388000,0.980100,0.557100
0.389000,0.980300,0.557900
0.390000,0.980500,0.558600
0.391000,0.980700,0.559300
0.392000,0.980900,0.560000
0.393000,0.981100,0.560700
0.394000,0.981300,0.561500
0.395000,0.981500,0.562200
0.396000,0.981700,0.562900
0.397000,0.981900,0.563600
0.398000,0.982100,0.564400
0.399000,0.982300,0.565100
0.400000,0.982500,0.565800
0.401000,0.982600,0.566500
0.402000,0.982700,0.567300
0.403000,0.982800,0.568000
0.404000,0.982900,0.568700
0.405000,0.983000,0.569400
0.406000,0.983100,0.570200
0.407000,0.983200,0.570900
0.408000,0.983300,0.571600
0.409000,0.983400,0.572300
0.410000,0.983500,0.573100
0.411000,0.983600,0.573800
0.412000,0.983700,0.574500
0.413000,0.983800,0.575200
0.414000,0.983900,0.576000
0.415000,0.984000,0.576700
0.416000,0.984100,0.577400
0.417000,0.984200,0.578100
0.418000,0.984300,0.578900
0.419000,0.984400,0.579600
0.420000,0.984500,0.580300
0.421000,0.984600,0.581000
0.422000,0.984700,0.581700
0.423000,0.984800,0.582500
0.424000,0.984900,0.583200
0.425000,0.985000,0.583900
0.426000,0.985100,0.584600
0.427000,0.985200,0.585400
0.428000,0.985300,0.586100
0.429000,0.985400,0.586800
0.430000,0.985500,0.587500
0.431000,0.985600,0.588300
0.432000,0.985700,0.589000
0.433000,0.985800,0.589700
0.434000,0.985900,0.590400
0.435000,0.986000,0.591200
0.436000,0.986100,0.591900
0.437000,0.986200,0.592600
0.438000,0.986300,0.593300
0.439000,0.986400,0.594100
0.440000,0.986500,0.594800
0.441000,0.986600,0.595500
0.442000,0.986700,0.596200
0.443000,0.986800,0.597000
0.444000,0.986900,0.597700
0.445000,0.987000,0.598400
0.446000,0.987100,0.599100
0.447000,0.987200,0.599900
0.448000,0.987300,0.600600
0.449000,0.987400,0.601300
0.450000,0.987500,0.602000
0.451000,0.987500,0.602800
0.452000,0.987600,0.603500
0.453000,0.987600,0.604200
0.454000,0.987700,0.604900
0.455000,0.987700,0.605600
0.456000,0.987800,0.606400
0.457000,0.987800,0.607100
0.458000,0.987900,0.607800
0.459000,0.987900,0.608500
0.460000,0.988000,0.609300
0.461000,0.988000,0.610000
0.462000,0.988100,0.610700
0.463000,0.988100,0.611400
0.464000,0.988200,0.612200
0.465000,0.988200,0.612900
0.466000,0.988300,0.613600
0.467000,0.988300,0.614300
0.468000,0.988400,0.615100
0.469000,0.988400,0.615800
0.470000,0.988500,0.616500
0.471000,0.988500,0.617200
0.472000,0.988600,0.618000
0.473000,0.988600,0.618700
0.474000,0.988700,0.619400
0.475000,0.988700,0.620100
0.476000,0.988800,0.620900
0.477000,0.988800,0.621600
0.478000,0.988900,0.622300
0.479000,0.989000,0.623000
0.480000,0.989000,0.623800
0.481000,0.989100,0.624500
0.482000,0.989100,0.625200
0.483000,0.989100,0.625900
0.484000,0.989200,0.626700
0.485000,0.989200,0.627400
0.486000,0.989300,0.628100
0.487000,0.989300,0.628800
0.488000,0.989400,0.629500
0.489000,0.989400,0.630300
0.490000,0.989500,0.631000
0.491000,0.989500,0.631700
0.492000,0.989600,0.632400
0.493000,0.989600,0.633200
0.494000,0.989700,0.633900
0.495000,0.989700,0.634600
0.496000,0.989800,0.635300
0.497000,0.989800,0.636100
0.498000,0.989900,0.636800
0.499000,0.989900,0.637500
0.500000,0.990000,0.638200
0.501000,0.990000,0.639000
0.502000,0.990100,0.639700
0.503000,0.990100,0.640400
0.504000,0.990100,0.641100
0.505000,0.990100,0.641900
0.506000,0.990200,0.642600
0.507000,0.990200,0.643300
0.508000,0.990200,0.644000
0.509000,0.990200,0.644800
0.510000,0.990300,0.645500
0.511000,0.990300,0.646200
0.512000,0.990300,0.646900
0.513000,0.990300,0.647700
0.514000,0.990400,0.648400
0.515000,0.990400,0.649100
0.516000,0.990400,0.649800
0.517000,0.990400,0.650600
0.518000,0.990400,0.651300
0.519000,0.990500,0.652000
0.520000,0.990500,0.652700
0.521000,0.990500,0.653400
0.522000,0.990500,0.654200
0.523000,0.990600,0.654900
0.524000,0.990600,0.655600
0.525000,0.990600,0.656300
0.526000,0.990700,0.657100
0.527000,0.990700,0.657800
0.528000,0.990700,0.658500
0.529000,0.990700,0.659200
0.530000,0.990800,0.660000
0.531000,0.990800,0.660700
0.532000,0.990800,0.661400
0.533000,0.990800,0.662100
0.534000,0.990800,0.662900
0.535000,0.990900,0.663600
0.536000,0.990900,0.664300
0.537000,0.990900,0.665000
0.538000,0.990900,0.665800
0.539000,0.991000,0.666500
0.540000,0.991000,0.667200
0.541000,0.991000,0.667900
0.542000,0.991000,0.668700
0.543000,0.991100,0.669400
0.544000,0.991100,0.670100
0.545000,0.991100,0.670800
0.546000,0.991100,0.671600
0.547000,0.991200,0.672300
0.548000,0.991200,0.673000
0.549000,0.991200,0.673700
0.550000,0.991200,0.674400
0.551000,0.991300,0.675200
0.552000,0.991300,0.675900
0.553000,0.991300,0.676600
0.554000,0.991400,0.677300
0.555000,0.991400,0.678100
0.556000,0.991400,0.678800
0.557000,0.991400,0.679500
0.558000,0.991500,0.680200
0.559000,0.991500,0.681000
0.560000,0.991500,0.681700
0.561000,0.991500,0.682400
0.562000,0.991600,0.683100
0.563000,0.991600,0.683900
0.564000,0.991600,0.684600
0.565000,0.991600,0.685300
0.566000,0.991700,0.686000
0.567000,0.991700,0.686800
0.568000,0.991700,0.687500
0.569000,0.991700,0.688200
0.570000,0.991700,0.688900
0.571000,0.991800,0.689700
0.572000,0.991800,0.690400
0.573000,0.991800,0.691100
0.574000,0.991800,0.691800
0.575000,0.991900,0.692600
0.576000,0.991900,0.693300
0.577000,0.991900,0.694000
0.578000,0.992000,0.694700
0.579000,0.992000,0.695500
0.580000,0.992000,0.696200
0.581000,0.992000,0.696900
0.582000,0.992100,0.697600
0.583000,0.992100,0.698300
0.584000,0.992100,0.699100
0.585000,0.992100,0.699800
0.586000,0.992200,0.700500
0.587000,0.992200,0.701200
0.588000,0.992200,0.702000
0.589000,0.992200,0.702700
0.590000,0.992300,0.703400
0.591000,0.992300,0.704100
0.592000,0.992300,0.704900
0.593000,0.992300,0.705600
0.594000,0.992400,0.706300
0.595000,0.992400,0.707000
0.596000,0.992400,0.707800
0.597000,0.992400,0.708500
0.598000,0.992500,0.709200
0.599000,0.992500,0.709900
0.600000,0.992500,0.710700
0.601000,0.992500,0.711400
0.602000,0.992600,0.712100
0.603000,0.992600,0.712800
0.604000,0.992600,0.713600
0.605000,0.992600,0.714300
0.606000,0.992700,0.715000
0.607000,0.992700,0.715700
0.608000,0.992700,0.716500
0.609000,0.992700,0.717200
0.610000,0.992800,0.717900
0.611000,0.992800,0.718600
0.612000,0.992800,0.719400
0.613000,0.992800,0.720100
0.614000,0.992900,0.720800
0.615000,0.992900,0.721500
0.616000,0.992900,0.722200
0.617000,0.992900,0.723000
0.618000,0.992900,0.723700
0.619000,0.993000,0.724400
0.620000,0.993000,0.725100
0.621000,0.993000,0.725900
0.622000,0.993000,0.726600
0.623000,0.993100,0.727300
0.624000,0.993100,0.728000
0.625000,0.993100,0.728800
0.626000,0.993200,0.729500
0.627000,0.993200,0.730200
0.628000,0.993200,0.730900
0.629000,0.993200,0.731700
0.630000,0.993300,0.732400
0.631000,0.993300,0.733100
0.632000,0.993300,0.733800
0.633000,0.993300,0.734600
0.634000,0.993300,0.735300
0.635000,0.993400,0.736000
0.636000,0.993400,0.736700
0.637000,0.993400,0.737500
0.638000,0.993400,0.738200
0.639000,0.993500,0.738900
0.640000,0.993500,0.739600
0.641000,0.993500,0.740400
0.642000,0.993500,0.741100
0.643000,0.993600,0.741800
0.644000,0.993600,0.742500
0.645000,0.993600,0.743300
0.646000,0.993600,0.744000
0.647000,0.993700,0.744700
0.648000,0.993700,0.745400
0.649000,0.993700,0.746100
0.650000,0.993700,0.746900
0.651000,0.993800,0.747600
0.652000,0.993800,0.748300
0.653000,0.993800,0.749000
0.654000,0.993900,0.749800
0.655000,0.993900,0.750500
0.656000,0.993900,0.751200
0.657000,0.993900,0.751900
0.658000,0.994000,0.752700
0.659000,0.994000,0.753400
0.660000,0.994000,0.754100
0.661000,0.994000,0.754800
0.662000,0.994100,0.755600
0.663000,0.994100,0.756300
0.664000,0.994100,0.757000
0.665000,0.994100,0.757700
0.666000,0.994200,0.758500
0.667000,0.994200,0.759200
0.668000,0.994200,0.759900
0.669000,0.994200,0.760600
0.670000,0.994200,0.761400
0.671000,0.994300,0.762100
0.672000,0.994300,0.762800
0.673000,0.994300,0.763500
0.674000,0.994300,0.764300
0.675000,0.994400,0.765000
0.676000,0.994400,0.765700
0.677000,0.994400,0.766400
0.678000,0.994500,0.767100
0.679000,0.994500,0.767900
0.680000,0.994500,0.768600
0.681000,0.994500,0.769300
0.682000,0.994600,0.770000
0.683000,0.994600,0.770800
0.684000,0.994600,0.771500
0.685000,0.994600,0.772200
0.686000,0.994700,0.772900
0.687000,0.994700,0.773700
0.688000,0.994700,0.774400
0.689000,0.994700,0.775100
0.690000,0.994800,0.775800
0.691000,0.994800,0.776600
0.692000,0.994800,0.777300
0.693000,0.994800,0.778000
0.694000,0.994900,0.778700
0.695000,0.994900,0.779500
0.696000,0.994900,0.780200
0.697000,0.994900,0.780900
0.698000,0.995000,0.781600
0.699000,0.995000,0.782400
0.700000,0.995000,0.783100
0.701000,0.995000,0.783800
0.702000,0.995100,0.784500
0.703000,0.995100,0.785300
0.704000,0.995100,0.786000
0.705000,0.995100,0.786700
0.706000,0.995200,0.787400
0.707000,0.995200,0.788200
0.708000,0.995200,0.788900
0.709000,0.995200,0.789600
0.710000,0.995300,0.790300
0.711000,0.995300,0.791000
0.712000,0.995300,0.791800
0.713000,0.995300,0.792500
0.714000,0.995400,0.793200
0.715000,0.995400,0.793900
0.716000,0.995400,0.794700
0.717000,0.995400,0.795400
0.718000,0.995400,0.796100
0.719000,0.995500,0.796800
0.720000,0.995500,0.797600
0.721000,0.995500,0.798300
0.722000,0.995500,0.799000
0.723000,0.995600,0.799700
0.724000,0.995600,0.800500
0.725000,0.995600,0.801200
0.726000,0.995600,0.801900
0.727000,0.995700,0.802600
0.728000,0.995700,0.803400
0.729000,0.995700,0.804100
0.730000,0.995800,0.804800
0.731000,0.995800,0.805500
0.732000,0.995800,0.806300
0.733000,0.995800,0.807000
0.734000,0.995800,0.807700
0.735000,0.995900,0.808400
0.736000,0.995900,0.809200
0.737000,0.995900,0.809900
0.738000,0.995900,0.810600
0.739000,0.996000,0.811300
0.740000,0.996000,0.812100
0.741000,0.996000,0.812800
0.742000,0.996000,0.813500
0.743000,0.996100,0.814200
0.744000,0.996100,0.814900
0.745000,0.996100,0.815700
0.746000,0.996100,0.816400
0.747000,0.996200,0.817100
0.748000,0.996200,0.817800
0.749000,0.996200,0.818600
0.750000,0.996200,0.819300
0.751000,0.996300,0.820000
0.752000,0.996300,0.820700
0.753000,0.996300,0.821500
0.754000,0.996400,0.822200
0.755000,0.996400,0.822900
0.756000,0.996400,0.823600
0.757000,0.996400,0.824400
0.758000,0.996500,0.825100
0.759000,0.996500,0.825800
0.760000,0.996500,0.826500
0.761000,0.996500,0.827300
0.762000,0.996600,0.828000
0.763000,0.996600,0.828700
0.764000,0.996600,0.829400
0.765000,0.996600,0.830200
0.766000,0.996700,0.830900
0.767000,0.996700,0.831600
0.768000,0.996700,0.832300
0.769000,0.996700,0.833100
0.770000,0.996700,0.833800
0.771000,0.996800,0.834500
0.772000,0.996800,0.835200
0.773000,0.996800,0.836000
0.774000,0.996800,0.836700
0.775000,0.996900,0.837400
0.776000,0.996900,0.838100
0.777000,0.996900,0.838800
0.778000,0.997000,0.839600
0.779000,0.997000,0.840300
0.780000,0.997000,0.841000
0.781000,0.997000,0.841700
0.782000,0.997100,0.842500
0.783000,0.997100,0.843200
0.784000,0.997100,0.843900
0.785000,0.997100,0.844600
0.786000,0.997200,0.845400
0.787000,0.997200,0.846100
0.788000,0.997200,0.846800
0.789000,0.997200,0.847500
0.790000,0.997300,0.848300
0.791000,0.997300,0.849000
0.792000,0.997300,0.849700
0.793000,0.997300,0.850400
0.794000,0.997400,0.851200
0.795000,0.997400,0.851900
0.796000,0.997400,0.852600
0.797000,0.997400,0.853300
0.798000,0.997500,0.854100
0.799000,0.997500,0.854800
0.800000,0.997500,0.855500
0.801000,0.997500,0.856200
0.802000,0.997600,0.857000
0.803000,0.997600,0.857700
0.804000,0.997600,0.858400
0.805000,0.997600,0.859100
0.806000,0.997700,0.859800
0.807000,0.997700,0.860600
0.808000,0.997700,0.861300
0.809000,0.997700,0.862000
0.810000,0.997800,0.862700
0.811000,0.997800,0.863500
0.812000,0.997800,0.864200
0.813000,0.997800,0.864900
0.814000,0.997900,0.865600
0.815000,0.997900,0.866400
0.816000,0.997900,0.867100
0.817000,0.997900,0.867800
0.818000,0.997900,0.868500
0.819000,0.998000,0.869300
0.820000,0.998000,0.870000
0.821000,0.998000,0.870700
0.822000,0.998000,0.871400
0.823000,0.998100,0.872200
0.824000,0.998100,0.872900
0.825000,0.998100,0.873600
0.826000,0.998100,0.874300
0.827000,0.998200,0.875100
0.828000,0.998200,0.875800
0.829000,0.998200,0.876500
0.830000,0.998300,0.877200
0.831000,0.998300,0.878000
0.832000,0.998300,0.878700
0.833000,0.998300,0.879400
0.834000,0.998300,0.880100
0.835000,0.998400,0.880900
0.836000,0.998400,0.881600
0.837000,0.998400,0.882300
0.838000,0.998400,0.883000
0.839000,0.998500,0.883700
0.840000,0.998500,0.884500
0.841000,0.998500,0.885200
0.842000,0.998500,0.885900
0.843000,0.998600,0.886600
0.844000,0.998600,0.887400
0.845000,0.998600,0.888100
0.846000,0.998600,0.888800
0.847000,0.998700,0.889500
0.848000,0.998700,0.890300
0.849000,0.998700,0.891000
0.850000,0.998700,0.891700
0.851000,0.998800,0.892400
0.852000,0.998800,0.893200
0.853000,0.998800,0.893900
0.854000,0.998900,0.894600
0.855000,0.998900,0.895300
0.856000,0.998900,0.896100
0.857000,0.998900,0.896800
0.858000,0.999000,0.897500
0.859000,0.999000,0.898200
0.860000,0.999000,0.899000
0.861000,0.999000,0.899700
0.862000,0.999100,0.900400
0.863000,0.999100,0.901100
0.864000,0.999100,0.901900
0.865000,0.999100,0.902600
0.866000,0.999200,0.903300
0.867000,0.999200,0.904000
0.868000,0.999200,0.904800
0.869000,0.999200,0.905500
0.870000,0.999200,0.906200
0.871000,0.999300,0.906900
0.872000,0.999300,0.907600
0.873000,0.999300,0.908400
0.874000,0.999300,0.909100
0.875000,0.999400,0.909800
0.876000,0.999400,0.910500
0.877000,0.999400,0.911300
0.878000,0.999500,0.912000
0.879000,0.999500,0.912700
0.880000,0.999500,0.913400
0.881000,0.999500,0.914200
0.882000,0.999600,0.914900
0.883000,0.999600,0.915600
0.884000,0.999600,0.916300
0.885000,0.999600,0.917100
0.886000,0.999700,0.917800
0.887000,0.999700,0.918500
0.888000,0.999700,0.919200
0.889000,0.999700,0.920000
0.890000,0.999800,0.920700
0.891000,0.999800,0.921400
0.892000,0.999800,0.922100
0.893000,0.999800,0.922900
0.894000,0.999900,0.923600
0.895000,0.999900,0.924300
0.896000,0.999900,0.925000
0.897000,0.999900,0.925800
0.898000,1.000000,0.926500
0.899000,1.000000,0.927200
0.900000,1.000000,0.927900
0.901000,1.000000,0.928700
0.902000,1.000000,0.929400
0.903000,1.000000,0.930100
0.904000,1.000000,0.930800
0.905000,1.000000,0.931500
0.906000,1.000000,0.932300
0.907000,1.000000,0.933000
0.908000,1.000000,0.933700
0.909000,1.000000,0.934400
0.910000,1.000000,0.935200
0.911000,1.000000,0.935900
0.912000,1.000000,0.936600
0.913000,1.000000,0.937300
0.914000,1.000000,0.938100
0.915000,1.000000,0.938800
0.916000,1.000000,0.939500
0.917000,1.000000,0.940200
0.918000,1.000000,0.941000
0.919000,1.000000,0.941700
0.920000,1.000000,0.942400
0.921000,1.000000,0.943100
0.922000,1.000000,0.943900
0.923000,1.000000,0.944600
0.924000,1.000000,0.945300
0.925000,1.000000,0.946000
0.926000,1.000000,0.946800
0.927000,1.000000,0.947500
0.928000,1.000000,0.948200
0.929000,1.000000,0.948900
0.930000,1.000000,0.949700
0.931000,1.000000,0.950400
0.932000,1.000000,0.951100
0.933000,1.000000,0.951800
0.934000,1.000000,0.952500
0.935000,1.000000,0.953300
0.936000,1.000000,0.954000
0.937000,1.000000,0.954700
0.938000,1.000000,0.955400
0.939000,1.000000,0.956200
0.940000,1.000000,0.956900
0.941000,1.000000,0.957600
0.942000,1.000000,0.958300
0.943000,1.000000,0.959100
0.944000,1.000000,0.959800
0.945000,1.000000,0.960500
0.946000,1.000000,0.961200
0.947000,1.000000,0.962000
0.948000,1.000000,0.962700
0.949000,1.000000,0.963400
0.950000,1.000000,0.964100
0.951000,1.000000,0.964900
0.952000,1.000000,0.965600
0.953000,1.000000,0.966300
0.954000,1.000000,0.967000
0.955000,1.000000,0.967800
0.956000,1.000000,0.968500
0.957000,1.000000,0.969200
0.958000,1.000000,0.969900
0.959000,1.000000,0.970700
0.960000,1.000000,0.971400
0.961000,1.000000,0.972100
0.962000,1.000000,0.972800
0.963000,1.000000,0.973600
0.964000,1.000000,0.974300
0.965000,1.000000,0.975000
0.966000,1.000000,0.975700
0.967000,1.000000,0.976400
0.968000,1.000000,0.977200
0.969000,1.000000,0.977900
0.970000,1.000000,0.978600
0.971000,1.000000,0.979300
0.972000,1.000000,0.980100
0.973000,1.000000,0.980800
0.974000,1.000000,0.981500
0.975000,1.000000,0.982200
0.976000,1.000000,0.983000
0.977000,1.000000,0.983700
0.978000,1.000000,0.984400
0.979000,1.000000,0.985100
0.980000,1.000000,0.985900
0.981000,1.000000,0.986600
0.982000,1.000000,0.987300
0.983000,1.000000,0.988000
0.984000,1.000000,0.988800
0.985000,1.000000,0.989500
0.986000,1.000000,0.990200
0.987000,1.000000,0.990900
0.988000,1.000000,0.991700
0.989000,1.000000,0.992400
0.990000,1.000000,0.993100
0.991000,1.000000,0.993800
0.992000,1.000000,0.994600
0.993000,1.000000,0.995300
0.994000,1.000000,0.996000
0.995000,1.000000,0.996700
0.996000,1.000000,0.997500
0.997000,1.000000,0.998200
0.998000,1.000000,0.998900
0.999000,1.000000,0.999600
1.000000,1.000000,1.000000
