Version,Benchmark Class,Year,Value
13,Aviation Liab,2000,0.04
13,Aviation Liab,2001,0.04
13,Aviation Liab,2002,0.04
13,Aviation Liab,2003,0.04
13,Aviation Liab,2004,0.04
13,Aviation Liab,2005,0.04
13,Aviation Liab,2006,0.04
13,Aviation Liab,2007,0.04
13,Aviation Liab,2008,0.04
13,Aviation Liab,2009,0.04
13,Aviation Liab,2010,0.04
13,Aviation Liab,2011,0.04
13,Aviation Liab,2012,0.04
13,Aviation Liab,2013,0.04
13,Aviation Liab,2014,0.04
13,Aviation Liab,2015,0.04
13,Aviation Liab,2016,0.04
13,Aviation Liab,2017,0.04
13,Aviation Liab,2018,0.04
13,Aviation Liab,2019,0.04
13,Aviation Liab,2020,0.04
13,Aviation Liab,2021,0.04
13,Aviation Liab,2022,0.06395
13,Aviation Liab,2023,0.06395
13,Aviation Liab,2024,0.046
13,Aviation Liab,2025,0.046
13,Aviation Liab,2026,0.046
13,Aviation Liab,2027,0.046
13,Aviation Liab,2028,0.046
13,Aviation Liab,2029,0.046
13,Aviation Liab,2030,0.046
13,Aviation PD,2000,0.03
13,Aviation PD,2001,0.03
13,Aviation PD,2002,0.03
13,Aviation PD,2003,0.03
13,Aviation PD,2004,0.03
13,Aviation PD,2005,0.03
13,Aviation PD,2006,0.03
13,Aviation PD,2007,0.03
13,Aviation PD,2008,0.03
13,Aviation PD,2009,0.03
13,Aviation PD,2010,0.03
13,Aviation PD,2011,0.03
13,Aviation PD,2012,0.03
13,Aviation PD,2013,0.03
13,Aviation PD,2014,0.03
13,Aviation PD,2015,0.03
13,Aviation PD,2016,0.03
13,Aviation PD,2017,0.03
13,Aviation PD,2018,0.03
13,Aviation PD,2019,0.03
13,Aviation PD,2020,0.03
13,Aviation PD,2021,0.03
13,Aviation PD,2022,0.0777
13,Aviation PD,2023,0.05
13,Aviation PD,2024,0.036
13,Aviation PD,2025,0.036
13,Aviation PD,2026,0.036
13,Aviation PD,2027,0.036
13,Aviation PD,2028,0.036
13,Aviation PD,2029,0.036
13,Aviation PD,2030,0.036
13,BBR Services MM,2000,0.02
13,BBR Services MM,2001,0.02
13,BBR Services MM,2002,0.02
13,BBR Services MM,2003,0.02
13,BBR Services MM,2004,0.02
13,BBR Services MM,2005,0.02
13,BBR Services MM,2006,0.02
13,BBR Services MM,2007,0.02
13,BBR Services MM,2008,0.02
13,BBR Services MM,2009,0.02
13,BBR Services MM,2010,0.02
13,BBR Services MM,2011,0.02
13,BBR Services MM,2012,0.02
13,BBR Services MM,2013,0.02
13,BBR Services MM,2014,0.02
13,BBR Services MM,2015,0.02
13,BBR Services MM,2016,0.02
13,BBR Services MM,2017,0.02
13,BBR Services MM,2018,0.02
13,BBR Services MM,2019,0.02
13,BBR Services MM,2020,0.02
13,BBR Services MM,2021,0.04
13,BBR Services MM,2022,0.04
13,BBR Services MM,2023,0.04
13,BBR Services MM,2024,0.026
13,BBR Services MM,2025,0.026
13,BBR Services MM,2026,0.026
13,BBR Services MM,2027,0.026
13,BBR Services MM,2028,0.026
13,BBR Services MM,2029,0.026
13,BBR Services MM,2030,0.026
13,BICI A&H PA,2000,0.02
13,BICI A&H PA,2001,0.02
13,BICI A&H PA,2002,0.02
13,BICI A&H PA,2003,0.02
13,BICI A&H PA,2004,0.02
13,BICI A&H PA,2005,0.02
13,BICI A&H PA,2006,0.02
13,BICI A&H PA,2007,0.02
13,BICI A&H PA,2008,0.02
13,BICI A&H PA,2009,0.02
13,BICI A&H PA,2010,0.02
13,BICI A&H PA,2011,0.02
13,BICI A&H PA,2012,0.02
13,BICI A&H PA,2013,0.02
13,BICI A&H PA,2014,0.02
13,BICI A&H PA,2015,0.02
13,BICI A&H PA,2016,0.02
13,BICI A&H PA,2017,0.02
13,BICI A&H PA,2018,0.02
13,BICI A&H PA,2019,0.02
13,BICI A&H PA,2020,0.02
13,BICI A&H PA,2021,0.02
13,BICI A&H PA,2022,0.02
13,BICI A&H PA,2023,0.045
13,BICI A&H PA,2024,0.026
13,BICI A&H PA,2025,0.026
13,BICI A&H PA,2026,0.026
13,BICI A&H PA,2027,0.026
13,BICI A&H PA,2028,0.026
13,BICI A&H PA,2029,0.026
13,BICI A&H PA,2030,0.026
13,BPS,2000,0.02
13,BPS,2001,0.02
13,BPS,2002,0.02
13,BPS,2003,0.02
13,BPS,2004,0.02
13,BPS,2005,0.02
13,BPS,2006,0.02
13,BPS,2007,0.02
13,BPS,2008,0.02
13,BPS,2009,0.02
13,BPS,2010,0.02
13,BPS,2011,0.02
13,BPS,2012,0.02
13,BPS,2013,0.02
13,BPS,2014,0.02
13,BPS,2015,0.02
13,BPS,2016,0.02
13,BPS,2017,0.02
13,BPS,2018,0.02
13,BPS,2019,0.02
13,BPS,2020,0.02
13,BPS,2021,0.02
13,BPS,2022,0.02
13,BPS,2023,0.04
13,BPS,2024,0.026
13,BPS,2025,0.026
13,BPS,2026,0.026
13,BPS,2027,0.026
13,BPS,2028,0.026
13,BPS,2029,0.026
13,BPS,2030,0.026
13,BPS - BBR,2000,0.02
13,BPS - BBR,2001,0.02
13,BPS - BBR,2002,0.02
13,BPS - BBR,2003,0.02
13,BPS - BBR,2004,0.02
13,BPS - BBR,2005,0.02
13,BPS - BBR,2006,0.02
13,BPS - BBR,2007,0.02
13,BPS - BBR,2008,0.02
13,BPS - BBR,2009,0.02
13,BPS - BBR,2010,0.02
13,BPS - BBR,2011,0.02
13,BPS - BBR,2012,0.02
13,BPS - BBR,2013,0.02
13,BPS - BBR,2014,0.02
13,BPS - BBR,2015,0.02
13,BPS - BBR,2016,0.02
13,BPS - BBR,2017,0.02
13,BPS - BBR,2018,0.02
13,BPS - BBR,2019,0.02
13,BPS - BBR,2020,0.02
13,BPS - BBR,2021,0.02
13,BPS - BBR,2022,0.02
13,BPS - BBR,2023,0.04
13,BPS - BBR,2024,0.026
13,BPS - BBR,2025,0.026
13,BPS - BBR,2026,0.026
13,BPS - BBR,2027,0.026
13,BPS - BBR,2028,0.026
13,BPS - BBR,2029,0.026
13,BPS - BBR,2030,0.026
13,Cargo,2000,0.03
13,Cargo,2001,0.03
13,Cargo,2002,0.03
13,Cargo,2003,0.03
13,Cargo,2004,0.03
13,Cargo,2005,0.03
13,Cargo,2006,0.03
13,Cargo,2007,0.03
13,Cargo,2008,0.03
13,Cargo,2009,0.03
13,Cargo,2010,0.03
13,Cargo,2011,0.03
13,Cargo,2012,0.03
13,Cargo,2013,0.03
13,Cargo,2014,0.03
13,Cargo,2015,0.03
13,Cargo,2016,0.03
13,Cargo,2017,0.03
13,Cargo,2018,0.03
13,Cargo,2019,0.03
13,Cargo,2020,0.03
13,Cargo,2021,0.03
13,Cargo,2022,0.0777
13,Cargo,2023,0.05
13,Cargo,2024,0.036
13,Cargo,2025,0.036
13,Cargo,2026,0.036
13,Cargo,2027,0.036
13,Cargo,2028,0.036
13,Cargo,2029,0.036
13,Cargo,2030,0.036
13,Commercial Crime,2000,0.04
13,Commercial Crime,2001,0.04
13,Commercial Crime,2002,0.04
13,Commercial Crime,2003,0.04
13,Commercial Crime,2004,0.04
13,Commercial Crime,2005,0.04
13,Commercial Crime,2006,0.04
13,Commercial Crime,2007,0.04
13,Commercial Crime,2008,0.04
13,Commercial Crime,2009,0.04
13,Commercial Crime,2010,0.04
13,Commercial Crime,2011,0.04
13,Commercial Crime,2012,0.04
13,Commercial Crime,2013,0.04
13,Commercial Crime,2014,0.04
13,Commercial Crime,2015,0.04
13,Commercial Crime,2016,0.04
13,Commercial Crime,2017,0.04
13,Commercial Crime,2018,0.04
13,Commercial Crime,2019,0.04
13,Commercial Crime,2020,0.04
13,Commercial Crime,2021,0.04
13,Commercial Crime,2022,0.04
13,Commercial Crime,2023,0.09
13,Commercial Crime,2024,0.046
13,Commercial Crime,2025,0.046
13,Commercial Crime,2026,0.046
13,Commercial Crime,2027,0.046
13,Commercial Crime,2028,0.046
13,Commercial Crime,2029,0.046
13,Commercial Crime,2030,0.046
13,Contingency,2000,0.02
13,Contingency,2001,0.02
13,Contingency,2002,0.02
13,Contingency,2003,0.02
13,Contingency,2004,0.02
13,Contingency,2005,0.02
13,Contingency,2006,0.02
13,Contingency,2007,0.02
13,Contingency,2008,0.02
13,Contingency,2009,0.02
13,Contingency,2010,0.02
13,Contingency,2011,0.02
13,Contingency,2012,0.02
13,Contingency,2013,0.02
13,Contingency,2014,0.02
13,Contingency,2015,0.02
13,Contingency,2016,0.02
13,Contingency,2017,0.02
13,Contingency,2018,0.02
13,Contingency,2019,0.02
13,Contingency,2020,0.02
13,Contingency,2021,0.02
13,Contingency,2022,0.02
13,Contingency,2023,0.045
13,Contingency,2024,0.026
13,Contingency,2025,0.026
13,Contingency,2026,0.026
13,Contingency,2027,0.026
13,Contingency,2028,0.026
13,Contingency,2029,0.026
13,Contingency,2030,0.026
13,Covers,2000,0.03
13,Covers,2001,0.03
13,Covers,2002,0.03
13,Covers,2003,0.03
13,Covers,2004,0.03
13,Covers,2005,0.03
13,Covers,2006,0.03
13,Covers,2007,0.03
13,Covers,2008,0.03
13,Covers,2009,0.03
13,Covers,2010,0.03
13,Covers,2011,0.03
13,Covers,2012,0.03
13,Covers,2013,0.03
13,Covers,2014,0.03
13,Covers,2015,0.03
13,Covers,2016,0.03
13,Covers,2017,0.03
13,Covers,2018,0.03
13,Covers,2019,0.03
13,Covers,2020,0.03
13,Covers,2021,0.095
13,Covers,2022,0.08
13,Covers,2023,0.05
13,Covers,2024,0.03
13,Covers,2025,0.03
13,Covers,2026,0.03
13,Covers,2027,0.03
13,Covers,2028,0.03
13,Covers,2029,0.03
13,Covers,2030,0.03
13,Covers International,2000,0.03
13,Covers International,2001,0.03
13,Covers International,2002,0.03
13,Covers International,2003,0.03
13,Covers International,2004,0.03
13,Covers International,2005,0.03
13,Covers International,2006,0.03
13,Covers International,2007,0.03
13,Covers International,2008,0.03
13,Covers International,2009,0.03
13,Covers International,2010,0.03
13,Covers International,2011,0.03
13,Covers International,2012,0.03
13,Covers International,2013,0.03
13,Covers International,2014,0.03
13,Covers International,2015,0.03
13,Covers International,2016,0.03
13,Covers International,2017,0.03
13,Covers International,2018,0.03
13,Covers International,2019,0.03
13,Covers International,2020,0.03
13,Covers International,2021,0.095
13,Covers International,2022,0.08
13,Covers International,2023,0.05
13,Covers International,2024,0.03
13,Covers International,2025,0.03
13,Covers International,2026,0.03
13,Covers International,2027,0.03
13,Covers International,2028,0.03
13,Covers International,2029,0.03
13,Covers International,2030,0.03
13,D&O,2000,0.02
13,D&O,2001,0.02
13,D&O,2002,0.02
13,D&O,2003,0.02
13,D&O,2004,0.02
13,D&O,2005,0.02
13,D&O,2006,0.02
13,D&O,2007,0.02
13,D&O,2008,0.02
13,D&O,2009,0.02
13,D&O,2010,0.02
13,D&O,2011,0.02
13,D&O,2012,0.02
13,D&O,2013,0.02
13,D&O,2014,0.02
13,D&O,2015,0.02
13,D&O,2016,0.02
13,D&O,2017,0.02
13,D&O,2018,0.02
13,D&O,2019,0.02
13,D&O,2020,0.02
13,D&O,2021,0.02
13,D&O,2022,0.02
13,D&O,2023,0.07
13,D&O,2024,0.026
13,D&O,2025,0.026
13,D&O,2026,0.026
13,D&O,2027,0.026
13,D&O,2028,0.026
13,D&O,2029,0.026
13,D&O,2030,0.026
13,D&O MM,2000,0.02
13,D&O MM,2001,0.02
13,D&O MM,2002,0.02
13,D&O MM,2003,0.02
13,D&O MM,2004,0.02
13,D&O MM,2005,0.02
13,D&O MM,2006,0.02
13,D&O MM,2007,0.02
13,D&O MM,2008,0.02
13,D&O MM,2009,0.02
13,D&O MM,2010,0.02
13,D&O MM,2011,0.02
13,D&O MM,2012,0.02
13,D&O MM,2013,0.02
13,D&O MM,2014,0.02
13,D&O MM,2015,0.02
13,D&O MM,2016,0.02
13,D&O MM,2017,0.02
13,D&O MM,2018,0.02
13,D&O MM,2019,0.02
13,D&O MM,2020,0.02
13,D&O MM,2021,0.02
13,D&O MM,2022,0.02
13,D&O MM,2023,0.07
13,D&O MM,2024,0.026
13,D&O MM,2025,0.026
13,D&O MM,2026,0.026
13,D&O MM,2027,0.026
13,D&O MM,2028,0.026
13,D&O MM,2029,0.026
13,D&O MM,2030,0.026
13,Digital Int Package,2000,0.02
13,Digital Int Package,2001,0.02
13,Digital Int Package,2002,0.02
13,Digital Int Package,2003,0.02
13,Digital Int Package,2004,0.02
13,Digital Int Package,2005,0.02
13,Digital Int Package,2006,0.02
13,Digital Int Package,2007,0.02
13,Digital Int Package,2008,0.02
13,Digital Int Package,2009,0.02
13,Digital Int Package,2010,0.02
13,Digital Int Package,2011,0.02
13,Digital Int Package,2012,0.02
13,Digital Int Package,2013,0.02
13,Digital Int Package,2014,0.02
13,Digital Int Package,2015,0.02
13,Digital Int Package,2016,0.02
13,Digital Int Package,2017,0.02
13,Digital Int Package,2018,0.02
13,Digital Int Package,2019,0.02
13,Digital Int Package,2020,0.02
13,Digital Int Package,2021,0.02
13,Digital Int Package,2022,0.02
13,Digital Int Package,2023,0.02
13,Digital Int Package,2024,0.026
13,Digital Int Package,2025,0.026
13,Digital Int Package,2026,0.026
13,Digital Int Package,2027,0.026
13,Digital Int Package,2028,0.026
13,Digital Int Package,2029,0.026
13,Digital Int Package,2030,0.026
13,Digital US Cyber,2000,0.02
13,Digital US Cyber,2001,0.02
13,Digital US Cyber,2002,0.02
13,Digital US Cyber,2003,0.02
13,Digital US Cyber,2004,0.02
13,Digital US Cyber,2005,0.02
13,Digital US Cyber,2006,0.02
13,Digital US Cyber,2007,0.02
13,Digital US Cyber,2008,0.02
13,Digital US Cyber,2009,0.02
13,Digital US Cyber,2010,0.02
13,Digital US Cyber,2011,0.02
13,Digital US Cyber,2012,0.02
13,Digital US Cyber,2013,0.02
13,Digital US Cyber,2014,0.02
13,Digital US Cyber,2015,0.02
13,Digital US Cyber,2016,0.02
13,Digital US Cyber,2017,0.02
13,Digital US Cyber,2018,0.02
13,Digital US Cyber,2019,0.02
13,Digital US Cyber,2020,0.02
13,Digital US Cyber,2021,0.04
13,Digital US Cyber,2022,0.04
13,Digital US Cyber,2023,0.04
13,Digital US Cyber,2024,0.026
13,Digital US Cyber,2025,0.026
13,Digital US Cyber,2026,0.026
13,Digital US Cyber,2027,0.026
13,Digital US Cyber,2028,0.026
13,Digital US Cyber,2029,0.026
13,Digital US Cyber,2030,0.026
13,Digital US Tech,2000,0.02
13,Digital US Tech,2001,0.02
13,Digital US Tech,2002,0.02
13,Digital US Tech,2003,0.02
13,Digital US Tech,2004,0.02
13,Digital US Tech,2005,0.02
13,Digital US Tech,2006,0.02
13,Digital US Tech,2007,0.02
13,Digital US Tech,2008,0.02
13,Digital US Tech,2009,0.02
13,Digital US Tech,2010,0.02
13,Digital US Tech,2011,0.02
13,Digital US Tech,2012,0.02
13,Digital US Tech,2013,0.02
13,Digital US Tech,2014,0.02
13,Digital US Tech,2015,0.02
13,Digital US Tech,2016,0.02
13,Digital US Tech,2017,0.02
13,Digital US Tech,2018,0.02
13,Digital US Tech,2019,0.02
13,Digital US Tech,2020,0.02
13,Digital US Tech,2021,0.04
13,Digital US Tech,2022,0.04
13,Digital US Tech,2023,0.04
13,Digital US Tech,2024,0.026
13,Digital US Tech,2025,0.026
13,Digital US Tech,2026,0.026
13,Digital US Tech,2027,0.026
13,Digital US Tech,2028,0.026
13,Digital US Tech,2029,0.026
13,Digital US Tech,2030,0.026
13,DIN US Lawyers,2000,0.03
13,DIN US Lawyers,2001,0.03
13,DIN US Lawyers,2002,0.03
13,DIN US Lawyers,2003,0.03
13,DIN US Lawyers,2004,0.03
13,DIN US Lawyers,2005,0.03
13,DIN US Lawyers,2006,0.03
13,DIN US Lawyers,2007,0.03
13,DIN US Lawyers,2008,0.03
13,DIN US Lawyers,2009,0.03
13,DIN US Lawyers,2010,0.03
13,DIN US Lawyers,2011,0.03
13,DIN US Lawyers,2012,0.03
13,DIN US Lawyers,2013,0.03
13,DIN US Lawyers,2014,0.03
13,DIN US Lawyers,2015,0.03
13,DIN US Lawyers,2016,0.03
13,DIN US Lawyers,2017,0.03
13,DIN US Lawyers,2018,0.03
13,DIN US Lawyers,2019,0.03
13,DIN US Lawyers,2020,0.03
13,DIN US Lawyers,2021,0.03
13,DIN US Lawyers,2022,0.03
13,DIN US Lawyers,2023,0.055
13,DIN US Lawyers,2024,0.036
13,DIN US Lawyers,2025,0.036
13,DIN US Lawyers,2026,0.036
13,DIN US Lawyers,2027,0.036
13,DIN US Lawyers,2028,0.036
13,DIN US Lawyers,2029,0.036
13,DIN US Lawyers,2030,0.036
13,Downhole,2000,0.03
13,Downhole,2001,0.03
13,Downhole,2002,0.03
13,Downhole,2003,0.03
13,Downhole,2004,0.03
13,Downhole,2005,0.03
13,Downhole,2006,0.03
13,Downhole,2007,0.03
13,Downhole,2008,0.03
13,Downhole,2009,0.03
13,Downhole,2010,0.03
13,Downhole,2011,0.03
13,Downhole,2012,0.03
13,Downhole,2013,0.03
13,Downhole,2014,0.03
13,Downhole,2015,0.03
13,Downhole,2016,0.03
13,Downhole,2017,0.03
13,Downhole,2018,0.03
13,Downhole,2019,0.03
13,Downhole,2020,0.03
13,Downhole,2021,0.03
13,Downhole,2022,0.09435
13,Downhole,2023,0.05
13,Downhole,2024,0.036
13,Downhole,2025,0.036
13,Downhole,2026,0.036
13,Downhole,2027,0.036
13,Downhole,2028,0.036
13,Downhole,2029,0.036
13,Downhole,2030,0.036
13,E&S Homeowners,2000,0.03
13,E&S Homeowners,2001,0.03
13,E&S Homeowners,2002,0.03
13,E&S Homeowners,2003,0.03
13,E&S Homeowners,2004,0.03
13,E&S Homeowners,2005,0.03
13,E&S Homeowners,2006,0.03
13,E&S Homeowners,2007,0.03
13,E&S Homeowners,2008,0.03
13,E&S Homeowners,2009,0.03
13,E&S Homeowners,2010,0.03
13,E&S Homeowners,2011,0.03
13,E&S Homeowners,2012,0.03
13,E&S Homeowners,2013,0.03
13,E&S Homeowners,2014,0.03
13,E&S Homeowners,2015,0.03
13,E&S Homeowners,2016,0.03
13,E&S Homeowners,2017,0.03
13,E&S Homeowners,2018,0.03
13,E&S Homeowners,2019,0.03
13,E&S Homeowners,2020,0.03
13,E&S Homeowners,2021,0.08
13,E&S Homeowners,2022,0.05
13,E&S Homeowners,2023,0.05
13,E&S Homeowners,2024,0.03
13,E&S Homeowners,2025,0.03
13,E&S Homeowners,2026,0.03
13,E&S Homeowners,2027,0.03
13,E&S Homeowners,2028,0.03
13,E&S Homeowners,2029,0.03
13,E&S Homeowners,2030,0.03
13,E&S Property,2000,0.03
13,E&S Property,2001,0.03
13,E&S Property,2002,0.03
13,E&S Property,2003,0.03
13,E&S Property,2004,0.03
13,E&S Property,2005,0.03
13,E&S Property,2006,0.03
13,E&S Property,2007,0.03
13,E&S Property,2008,0.03
13,E&S Property,2009,0.03
13,E&S Property,2010,0.03
13,E&S Property,2011,0.03
13,E&S Property,2012,0.03
13,E&S Property,2013,0.03
13,E&S Property,2014,0.03
13,E&S Property,2015,0.03
13,E&S Property,2016,0.03
13,E&S Property,2017,0.03
13,E&S Property,2018,0.03
13,E&S Property,2019,0.03
13,E&S Property,2020,0.03
13,E&S Property,2021,0.095
13,E&S Property,2022,0.08
13,E&S Property,2023,0.05
13,E&S Property,2024,0.03
13,E&S Property,2025,0.03
13,E&S Property,2026,0.03
13,E&S Property,2027,0.03
13,E&S Property,2028,0.03
13,E&S Property,2029,0.03
13,E&S Property,2030,0.03
13,Energy Liab and Cas,2000,0.04
13,Energy Liab and Cas,2001,0.04
13,Energy Liab and Cas,2002,0.04
13,Energy Liab and Cas,2003,0.04
13,Energy Liab and Cas,2004,0.04
13,Energy Liab and Cas,2005,0.04
13,Energy Liab and Cas,2006,0.04
13,Energy Liab and Cas,2007,0.04
13,Energy Liab and Cas,2008,0.04
13,Energy Liab and Cas,2009,0.04
13,Energy Liab and Cas,2010,0.04
13,Energy Liab and Cas,2011,0.04
13,Energy Liab and Cas,2012,0.04
13,Energy Liab and Cas,2013,0.04
13,Energy Liab and Cas,2014,0.04
13,Energy Liab and Cas,2015,0.04
13,Energy Liab and Cas,2016,0.04
13,Energy Liab and Cas,2017,0.04
13,Energy Liab and Cas,2018,0.04
13,Energy Liab and Cas,2019,0.04
13,Energy Liab and Cas,2020,0.04
13,Energy Liab and Cas,2021,0.04
13,Energy Liab and Cas,2022,0.06395
13,Energy Liab and Cas,2023,0.06395
13,Energy Liab and Cas,2024,0.046
13,Energy Liab and Cas,2025,0.046
13,Energy Liab and Cas,2026,0.046
13,Energy Liab and Cas,2027,0.046
13,Energy Liab and Cas,2028,0.046
13,Energy Liab and Cas,2029,0.046
13,Energy Liab and Cas,2030,0.046
13,Energy PD,2000,0.03
13,Energy PD,2001,0.03
13,Energy PD,2002,0.03
13,Energy PD,2003,0.03
13,Energy PD,2004,0.03
13,Energy PD,2005,0.03
13,Energy PD,2006,0.03
13,Energy PD,2007,0.03
13,Energy PD,2008,0.03
13,Energy PD,2009,0.03
13,Energy PD,2010,0.03
13,Energy PD,2011,0.03
13,Energy PD,2012,0.03
13,Energy PD,2013,0.03
13,Energy PD,2014,0.03
13,Energy PD,2015,0.03
13,Energy PD,2016,0.03
13,Energy PD,2017,0.03
13,Energy PD,2018,0.03
13,Energy PD,2019,0.03
13,Energy PD,2020,0.03
13,Energy PD,2021,0.03
13,Energy PD,2022,0.0777
13,Energy PD,2023,0.05
13,Energy PD,2024,0.036
13,Energy PD,2025,0.036
13,Energy PD,2026,0.036
13,Energy PD,2027,0.036
13,Energy PD,2028,0.036
13,Energy PD,2029,0.036
13,Energy PD,2030,0.036
13,Environmental,2000,0.02
13,Environmental,2001,0.02
13,Environmental,2002,0.02
13,Environmental,2003,0.02
13,Environmental,2004,0.02
13,Environmental,2005,0.02
13,Environmental,2006,0.02
13,Environmental,2007,0.02
13,Environmental,2008,0.02
13,Environmental,2009,0.02
13,Environmental,2010,0.02
13,Environmental,2011,0.02
13,Environmental,2012,0.02
13,Environmental,2013,0.02
13,Environmental,2014,0.02
13,Environmental,2015,0.02
13,Environmental,2016,0.02
13,Environmental,2017,0.02
13,Environmental,2018,0.02
13,Environmental,2019,0.02
13,Environmental,2020,0.02
13,Environmental,2021,0.02
13,Environmental,2022,0.02
13,Environmental,2023,0.02
13,Environmental,2024,0.026
13,Environmental,2025,0.026
13,Environmental,2026,0.026
13,Environmental,2027,0.026
13,Environmental,2028,0.026
13,Environmental,2029,0.026
13,Environmental,2030,0.026
13,EPL,2000,0.04
13,EPL,2001,0.04
13,EPL,2002,0.04
13,EPL,2003,0.04
13,EPL,2004,0.04
13,EPL,2005,0.04
13,EPL,2006,0.04
13,EPL,2007,0.04
13,EPL,2008,0.04
13,EPL,2009,0.04
13,EPL,2010,0.04
13,EPL,2011,0.04
13,EPL,2012,0.04
13,EPL,2013,0.04
13,EPL,2014,0.04
13,EPL,2015,0.04
13,EPL,2016,0.04
13,EPL,2017,0.04
13,EPL,2018,0.04
13,EPL,2019,0.04
13,EPL,2020,0.04
13,EPL,2021,0.11
13,EPL,2022,0.11
13,EPL,2023,0.09
13,EPL,2024,0.095
13,EPL,2025,0.095
13,EPL,2026,0.095
13,EPL,2027,0.095
13,EPL,2028,0.095
13,EPL,2029,0.095
13,EPL,2030,0.095
13,EPL MM,2000,0.04
13,EPL MM,2001,0.04
13,EPL MM,2002,0.04
13,EPL MM,2003,0.04
13,EPL MM,2004,0.04
13,EPL MM,2005,0.04
13,EPL MM,2006,0.04
13,EPL MM,2007,0.04
13,EPL MM,2008,0.04
13,EPL MM,2009,0.04
13,EPL MM,2010,0.04
13,EPL MM,2011,0.04
13,EPL MM,2012,0.04
13,EPL MM,2013,0.04
13,EPL MM,2014,0.04
13,EPL MM,2015,0.04
13,EPL MM,2016,0.04
13,EPL MM,2017,0.04
13,EPL MM,2018,0.04
13,EPL MM,2019,0.04
13,EPL MM,2020,0.04
13,EPL MM,2021,0.11
13,EPL MM,2022,0.11
13,EPL MM,2023,0.09
13,EPL MM,2024,0.095
13,EPL MM,2025,0.095
13,EPL MM,2026,0.095
13,EPL MM,2027,0.095
13,EPL MM,2028,0.095
13,EPL MM,2029,0.095
13,EPL MM,2030,0.095
13,eTrading,2000,0.02
13,eTrading,2001,0.02
13,eTrading,2002,0.02
13,eTrading,2003,0.02
13,eTrading,2004,0.02
13,eTrading,2005,0.02
13,eTrading,2006,0.02
13,eTrading,2007,0.02
13,eTrading,2008,0.02
13,eTrading,2009,0.02
13,eTrading,2010,0.02
13,eTrading,2011,0.02
13,eTrading,2012,0.02
13,eTrading,2013,0.02
13,eTrading,2014,0.02
13,eTrading,2015,0.02
13,eTrading,2016,0.02
13,eTrading,2017,0.02
13,eTrading,2018,0.02
13,eTrading,2019,0.02
13,eTrading,2020,0.02
13,eTrading,2021,0.02
13,eTrading,2022,0.02
13,eTrading,2023,0.02
13,eTrading,2024,0.06
13,eTrading,2025,0.06
13,eTrading,2026,0.06
13,eTrading,2027,0.06
13,eTrading,2028,0.06
13,eTrading,2029,0.06
13,eTrading,2030,0.06
13,eTrading BBR,2000,0.02
13,eTrading BBR,2001,0.02
13,eTrading BBR,2002,0.02
13,eTrading BBR,2003,0.02
13,eTrading BBR,2004,0.02
13,eTrading BBR,2005,0.02
13,eTrading BBR,2006,0.02
13,eTrading BBR,2007,0.02
13,eTrading BBR,2008,0.02
13,eTrading BBR,2009,0.02
13,eTrading BBR,2010,0.02
13,eTrading BBR,2011,0.02
13,eTrading BBR,2012,0.02
13,eTrading BBR,2013,0.02
13,eTrading BBR,2014,0.02
13,eTrading BBR,2015,0.02
13,eTrading BBR,2016,0.02
13,eTrading BBR,2017,0.02
13,eTrading BBR,2018,0.02
13,eTrading BBR,2019,0.02
13,eTrading BBR,2020,0.02
13,eTrading BBR,2021,0.02
13,eTrading BBR,2022,0.02
13,eTrading BBR,2023,0.02
13,eTrading BBR,2024,0.06
13,eTrading BBR,2025,0.06
13,eTrading BBR,2026,0.06
13,eTrading BBR,2027,0.06
13,eTrading BBR,2028,0.06
13,eTrading BBR,2029,0.06
13,eTrading BBR,2030,0.06
13,Financial Crime,2000,0.04
13,Financial Crime,2001,0.04
13,Financial Crime,2002,0.04
13,Financial Crime,2003,0.04
13,Financial Crime,2004,0.04
13,Financial Crime,2005,0.04
13,Financial Crime,2006,0.04
13,Financial Crime,2007,0.04
13,Financial Crime,2008,0.04
13,Financial Crime,2009,0.04
13,Financial Crime,2010,0.04
13,Financial Crime,2011,0.04
13,Financial Crime,2012,0.04
13,Financial Crime,2013,0.04
13,Financial Crime,2014,0.04
13,Financial Crime,2015,0.04
13,Financial Crime,2016,0.04
13,Financial Crime,2017,0.04
13,Financial Crime,2018,0.04
13,Financial Crime,2019,0.04
13,Financial Crime,2020,0.04
13,Financial Crime,2021,0.04
13,Financial Crime,2022,0.04
13,Financial Crime,2023,0.09
13,Financial Crime,2024,0.046
13,Financial Crime,2025,0.046
13,Financial Crime,2026,0.046
13,Financial Crime,2027,0.046
13,Financial Crime,2028,0.046
13,Financial Crime,2029,0.046
13,Financial Crime,2030,0.046
13,Financial Institutions,2000,0.02
13,Financial Institutions,2001,0.02
13,Financial Institutions,2002,0.02
13,Financial Institutions,2003,0.02
13,Financial Institutions,2004,0.02
13,Financial Institutions,2005,0.02
13,Financial Institutions,2006,0.02
13,Financial Institutions,2007,0.02
13,Financial Institutions,2008,0.02
13,Financial Institutions,2009,0.02
13,Financial Institutions,2010,0.02
13,Financial Institutions,2011,0.02
13,Financial Institutions,2012,0.02
13,Financial Institutions,2013,0.02
13,Financial Institutions,2014,0.02
13,Financial Institutions,2015,0.02
13,Financial Institutions,2016,0.02
13,Financial Institutions,2017,0.02
13,Financial Institutions,2018,0.02
13,Financial Institutions,2019,0.02
13,Financial Institutions,2020,0.02
13,Financial Institutions,2021,0.02
13,Financial Institutions,2022,0.02
13,Financial Institutions,2023,0.045
13,Financial Institutions,2024,0.026
13,Financial Institutions,2025,0.026
13,Financial Institutions,2026,0.026
13,Financial Institutions,2027,0.026
13,Financial Institutions,2028,0.026
13,Financial Institutions,2029,0.026
13,Financial Institutions,2030,0.026
13,Healthcare Misc,2000,0.03
13,Healthcare Misc,2001,0.03
13,Healthcare Misc,2002,0.03
13,Healthcare Misc,2003,0.03
13,Healthcare Misc,2004,0.03
13,Healthcare Misc,2005,0.03
13,Healthcare Misc,2006,0.03
13,Healthcare Misc,2007,0.03
13,Healthcare Misc,2008,0.03
13,Healthcare Misc,2009,0.03
13,Healthcare Misc,2010,0.03
13,Healthcare Misc,2011,0.03
13,Healthcare Misc,2012,0.03
13,Healthcare Misc,2013,0.03
13,Healthcare Misc,2014,0.03
13,Healthcare Misc,2015,0.03
13,Healthcare Misc,2016,0.03
13,Healthcare Misc,2017,0.03
13,Healthcare Misc,2018,0.03
13,Healthcare Misc,2019,0.03
13,Healthcare Misc,2020,0.03
13,Healthcare Misc,2021,0.03
13,Healthcare Misc,2022,0.03
13,Healthcare Misc,2023,0.091
13,Healthcare Misc,2024,0.07
13,Healthcare Misc,2025,0.07
13,Healthcare Misc,2026,0.07
13,Healthcare Misc,2027,0.07
13,Healthcare Misc,2028,0.07
13,Healthcare Misc,2029,0.07
13,Healthcare Misc,2030,0.07
13,Healthcare ML,2000,0.03
13,Healthcare ML,2001,0.03
13,Healthcare ML,2002,0.03
13,Healthcare ML,2003,0.03
13,Healthcare ML,2004,0.03
13,Healthcare ML,2005,0.03
13,Healthcare ML,2006,0.03
13,Healthcare ML,2007,0.03
13,Healthcare ML,2008,0.03
13,Healthcare ML,2009,0.03
13,Healthcare ML,2010,0.03
13,Healthcare ML,2011,0.03
13,Healthcare ML,2012,0.03
13,Healthcare ML,2013,0.03
13,Healthcare ML,2014,0.03
13,Healthcare ML,2015,0.03
13,Healthcare ML,2016,0.03
13,Healthcare ML,2017,0.03
13,Healthcare ML,2018,0.03
13,Healthcare ML,2019,0.03
13,Healthcare ML,2020,0.03
13,Healthcare ML,2021,0.03
13,Healthcare ML,2022,0.03
13,Healthcare ML,2023,0.08
13,Healthcare ML,2024,0.07
13,Healthcare ML,2025,0.07
13,Healthcare ML,2026,0.07
13,Healthcare ML,2027,0.07
13,Healthcare ML,2028,0.07
13,Healthcare ML,2029,0.07
13,Healthcare ML,2030,0.07
13,Hospitals,2000,0.04
13,Hospitals,2001,0.04
13,Hospitals,2002,0.04
13,Hospitals,2003,0.04
13,Hospitals,2004,0.04
13,Hospitals,2005,0.04
13,Hospitals,2006,0.04
13,Hospitals,2007,0.04
13,Hospitals,2008,0.04
13,Hospitals,2009,0.04
13,Hospitals,2010,0.04
13,Hospitals,2011,0.04
13,Hospitals,2012,0.04
13,Hospitals,2013,0.04
13,Hospitals,2014,0.04
13,Hospitals,2015,0.04
13,Hospitals,2016,0.04
13,Hospitals,2017,0.04
13,Hospitals,2018,0.076
13,Hospitals,2019,0.076
13,Hospitals,2020,0.076
13,Hospitals,2021,0.101
13,Hospitals,2022,0.101
13,Hospitals,2023,0.101
13,Hospitals,2024,0.12
13,Hospitals,2025,0.12
13,Hospitals,2026,0.12
13,Hospitals,2027,0.12
13,Hospitals,2028,0.12
13,Hospitals,2029,0.12
13,Hospitals,2030,0.12
13,Hull,2000,0.03
13,Hull,2001,0.03
13,Hull,2002,0.03
13,Hull,2003,0.03
13,Hull,2004,0.03
13,Hull,2005,0.03
13,Hull,2006,0.03
13,Hull,2007,0.03
13,Hull,2008,0.03
13,Hull,2009,0.03
13,Hull,2010,0.03
13,Hull,2011,0.03
13,Hull,2012,0.03
13,Hull,2013,0.03
13,Hull,2014,0.03
13,Hull,2015,0.03
13,Hull,2016,0.03
13,Hull,2017,0.03
13,Hull,2018,0.03
13,Hull,2019,0.03
13,Hull,2020,0.03
13,Hull,2021,0.03
13,Hull,2022,0.0777
13,Hull,2023,0.05
13,Hull,2024,0.036
13,Hull,2025,0.036
13,Hull,2026,0.036
13,Hull,2027,0.036
13,Hull,2028,0.036
13,Hull,2029,0.036
13,Hull,2030,0.036
13,International ML,2000,0.02
13,International ML,2001,0.02
13,International ML,2002,0.02
13,International ML,2003,0.02
13,International ML,2004,0.02
13,International ML,2005,0.02
13,International ML,2006,0.02
13,International ML,2007,0.02
13,International ML,2008,0.02
13,International ML,2009,0.02
13,International ML,2010,0.02
13,International ML,2011,0.02
13,International ML,2012,0.02
13,International ML,2013,0.02
13,International ML,2014,0.02
13,International ML,2015,0.02
13,International ML,2016,0.02
13,International ML,2017,0.02
13,International ML,2018,0.02
13,International ML,2019,0.02
13,International ML,2020,0.02
13,International ML,2021,0.02
13,International ML,2022,0.02
13,International ML,2023,0.045
13,International ML,2024,0.026
13,International ML,2025,0.026
13,International ML,2026,0.026
13,International ML,2027,0.026
13,International ML,2028,0.026
13,International ML,2029,0.026
13,International ML,2030,0.026
13,Intl M&A,2000,0.02
13,Intl M&A,2001,0.02
13,Intl M&A,2002,0.02
13,Intl M&A,2003,0.02
13,Intl M&A,2004,0.02
13,Intl M&A,2005,0.02
13,Intl M&A,2006,0.02
13,Intl M&A,2007,0.02
13,Intl M&A,2008,0.02
13,Intl M&A,2009,0.02
13,Intl M&A,2010,0.02
13,Intl M&A,2011,0.02
13,Intl M&A,2012,0.02
13,Intl M&A,2013,0.02
13,Intl M&A,2014,0.02
13,Intl M&A,2015,0.02
13,Intl M&A,2016,0.02
13,Intl M&A,2017,0.02
13,Intl M&A,2018,0.02
13,Intl M&A,2019,0.02
13,Intl M&A,2020,0.02
13,Intl M&A,2021,0.02
13,Intl M&A,2022,0.02
13,Intl M&A,2023,0.02
13,Intl M&A,2024,0.026
13,Intl M&A,2025,0.026
13,Intl M&A,2026,0.026
13,Intl M&A,2027,0.026
13,Intl M&A,2028,0.026
13,Intl M&A,2029,0.026
13,Intl M&A,2030,0.026
13,Jewellers,2000,0.02
13,Jewellers,2001,0.02
13,Jewellers,2002,0.02
13,Jewellers,2003,0.02
13,Jewellers,2004,0.02
13,Jewellers,2005,0.02
13,Jewellers,2006,0.02
13,Jewellers,2007,0.02
13,Jewellers,2008,0.02
13,Jewellers,2009,0.02
13,Jewellers,2010,0.02
13,Jewellers,2011,0.02
13,Jewellers,2012,0.02
13,Jewellers,2013,0.02
13,Jewellers,2014,0.02
13,Jewellers,2015,0.02
13,Jewellers,2016,0.02
13,Jewellers,2017,0.02
13,Jewellers,2018,0.02
13,Jewellers,2019,0.02
13,Jewellers,2020,0.02
13,Jewellers,2021,0.02
13,Jewellers,2022,0.02
13,Jewellers,2023,0.02
13,Jewellers,2024,0.02
13,Jewellers,2025,0.02
13,Jewellers,2026,0.02
13,Jewellers,2027,0.02
13,Jewellers,2028,0.02
13,Jewellers,2029,0.02
13,Jewellers,2030,0.02
13,Large Risk International Healthcare,2000,0.03
13,Large Risk International Healthcare,2001,0.03
13,Large Risk International Healthcare,2002,0.03
13,Large Risk International Healthcare,2003,0.03
13,Large Risk International Healthcare,2004,0.03
13,Large Risk International Healthcare,2005,0.03
13,Large Risk International Healthcare,2006,0.03
13,Large Risk International Healthcare,2007,0.03
13,Large Risk International Healthcare,2008,0.03
13,Large Risk International Healthcare,2009,0.03
13,Large Risk International Healthcare,2010,0.03
13,Large Risk International Healthcare,2011,0.03
13,Large Risk International Healthcare,2012,0.03
13,Large Risk International Healthcare,2013,0.03
13,Large Risk International Healthcare,2014,0.03
13,Large Risk International Healthcare,2015,0.03
13,Large Risk International Healthcare,2016,0.03
13,Large Risk International Healthcare,2017,0.03
13,Large Risk International Healthcare,2018,0.03
13,Large Risk International Healthcare,2019,0.03
13,Large Risk International Healthcare,2020,0.03
13,Large Risk International Healthcare,2021,0.03
13,Large Risk International Healthcare,2022,0.03
13,Large Risk International Healthcare,2023,0.065
13,Large Risk International Healthcare,2024,0.07
13,Large Risk International Healthcare,2025,0.07
13,Large Risk International Healthcare,2026,0.07
13,Large Risk International Healthcare,2027,0.07
13,Large Risk International Healthcare,2028,0.07
13,Large Risk International Healthcare,2029,0.07
13,Large Risk International Healthcare,2030,0.07
13,Large Risk International TMB E&O,2000,0.02
13,Large Risk International TMB E&O,2001,0.02
13,Large Risk International TMB E&O,2002,0.02
13,Large Risk International TMB E&O,2003,0.02
13,Large Risk International TMB E&O,2004,0.02
13,Large Risk International TMB E&O,2005,0.02
13,Large Risk International TMB E&O,2006,0.02
13,Large Risk International TMB E&O,2007,0.02
13,Large Risk International TMB E&O,2008,0.02
13,Large Risk International TMB E&O,2009,0.02
13,Large Risk International TMB E&O,2010,0.02
13,Large Risk International TMB E&O,2011,0.02
13,Large Risk International TMB E&O,2012,0.02
13,Large Risk International TMB E&O,2013,0.02
13,Large Risk International TMB E&O,2014,0.02
13,Large Risk International TMB E&O,2015,0.02
13,Large Risk International TMB E&O,2016,0.02
13,Large Risk International TMB E&O,2017,0.02
13,Large Risk International TMB E&O,2018,0.02
13,Large Risk International TMB E&O,2019,0.02
13,Large Risk International TMB E&O,2020,0.02
13,Large Risk International TMB E&O,2021,0.04
13,Large Risk International TMB E&O,2022,0.04
13,Large Risk International TMB E&O,2023,0.04
13,Large Risk International TMB E&O,2024,0.026
13,Large Risk International TMB E&O,2025,0.026
13,Large Risk International TMB E&O,2026,0.026
13,Large Risk International TMB E&O,2027,0.026
13,Large Risk International TMB E&O,2028,0.026
13,Large Risk International TMB E&O,2029,0.026
13,Large Risk International TMB E&O,2030,0.026
13,Large Risk International TMB Info Sec,2000,0.02
13,Large Risk International TMB Info Sec,2001,0.02
13,Large Risk International TMB Info Sec,2002,0.02
13,Large Risk International TMB Info Sec,2003,0.02
13,Large Risk International TMB Info Sec,2004,0.02
13,Large Risk International TMB Info Sec,2005,0.02
13,Large Risk International TMB Info Sec,2006,0.02
13,Large Risk International TMB Info Sec,2007,0.02
13,Large Risk International TMB Info Sec,2008,0.02
13,Large Risk International TMB Info Sec,2009,0.02
13,Large Risk International TMB Info Sec,2010,0.02
13,Large Risk International TMB Info Sec,2011,0.02
13,Large Risk International TMB Info Sec,2012,0.02
13,Large Risk International TMB Info Sec,2013,0.02
13,Large Risk International TMB Info Sec,2014,0.02
13,Large Risk International TMB Info Sec,2015,0.02
13,Large Risk International TMB Info Sec,2016,0.02
13,Large Risk International TMB Info Sec,2017,0.02
13,Large Risk International TMB Info Sec,2018,0.02
13,Large Risk International TMB Info Sec,2019,0.02
13,Large Risk International TMB Info Sec,2020,0.02
13,Large Risk International TMB Info Sec,2021,0.04
13,Large Risk International TMB Info Sec,2022,0.04
13,Large Risk International TMB Info Sec,2023,0.04
13,Large Risk International TMB Info Sec,2024,0.026
13,Large Risk International TMB Info Sec,2025,0.026
13,Large Risk International TMB Info Sec,2026,0.026
13,Large Risk International TMB Info Sec,2027,0.026
13,Large Risk International TMB Info Sec,2028,0.026
13,Large Risk International TMB Info Sec,2029,0.026
13,Large Risk International TMB Info Sec,2030,0.026
13,Lawyers,2000,0.03
13,Lawyers,2001,0.03
13,Lawyers,2002,0.03
13,Lawyers,2003,0.03
13,Lawyers,2004,0.03
13,Lawyers,2005,0.03
13,Lawyers,2006,0.03
13,Lawyers,2007,0.03
13,Lawyers,2008,0.03
13,Lawyers,2009,0.03
13,Lawyers,2010,0.03
13,Lawyers,2011,0.03
13,Lawyers,2012,0.03
13,Lawyers,2013,0.03
13,Lawyers,2014,0.03
13,Lawyers,2015,0.03
13,Lawyers,2016,0.03
13,Lawyers,2017,0.03
13,Lawyers,2018,0.03
13,Lawyers,2019,0.03
13,Lawyers,2020,0.03
13,Lawyers,2021,0.03
13,Lawyers,2022,0.03
13,Lawyers,2023,0.055
13,Lawyers,2024,0.036
13,Lawyers,2025,0.036
13,Lawyers,2026,0.036
13,Lawyers,2027,0.036
13,Lawyers,2028,0.036
13,Lawyers,2029,0.036
13,Lawyers,2030,0.036
13,Life Direct,2000,0.02
13,Life Direct,2001,0.02
13,Life Direct,2002,0.02
13,Life Direct,2003,0.02
13,Life Direct,2004,0.02
13,Life Direct,2005,0.02
13,Life Direct,2006,0.02
13,Life Direct,2007,0.02
13,Life Direct,2008,0.02
13,Life Direct,2009,0.02
13,Life Direct,2010,0.02
13,Life Direct,2011,0.02
13,Life Direct,2012,0.02
13,Life Direct,2013,0.02
13,Life Direct,2014,0.02
13,Life Direct,2015,0.02
13,Life Direct,2016,0.02
13,Life Direct,2017,0.02
13,Life Direct,2018,0.02
13,Life Direct,2019,0.02
13,Life Direct,2020,0.02
13,Life Direct,2021,0.02
13,Life Direct,2022,0.02
13,Life Direct,2023,0.045
13,Life Direct,2024,0.026
13,Life Direct,2025,0.026
13,Life Direct,2026,0.026
13,Life Direct,2027,0.026
13,Life Direct,2028,0.026
13,Life Direct,2029,0.026
13,Life Direct,2030,0.026
13,Life Reinsurance,2000,0.02
13,Life Reinsurance,2001,0.02
13,Life Reinsurance,2002,0.02
13,Life Reinsurance,2003,0.02
13,Life Reinsurance,2004,0.02
13,Life Reinsurance,2005,0.02
13,Life Reinsurance,2006,0.02
13,Life Reinsurance,2007,0.02
13,Life Reinsurance,2008,0.02
13,Life Reinsurance,2009,0.02
13,Life Reinsurance,2010,0.02
13,Life Reinsurance,2011,0.02
13,Life Reinsurance,2012,0.02
13,Life Reinsurance,2013,0.02
13,Life Reinsurance,2014,0.02
13,Life Reinsurance,2015,0.02
13,Life Reinsurance,2016,0.02
13,Life Reinsurance,2017,0.02
13,Life Reinsurance,2018,0.02
13,Life Reinsurance,2019,0.02
13,Life Reinsurance,2020,0.02
13,Life Reinsurance,2021,0.02
13,Life Reinsurance,2022,0.02
13,Life Reinsurance,2023,0.045
13,Life Reinsurance,2024,0.026
13,Life Reinsurance,2025,0.026
13,Life Reinsurance,2026,0.026
13,Life Reinsurance,2027,0.026
13,Life Reinsurance,2028,0.026
13,Life Reinsurance,2029,0.026
13,Life Reinsurance,2030,0.026
13,London - A&E,2000,0.03
13,London - A&E,2001,0.03
13,London - A&E,2002,0.03
13,London - A&E,2003,0.03
13,London - A&E,2004,0.03
13,London - A&E,2005,0.03
13,London - A&E,2006,0.03
13,London - A&E,2007,0.03
13,London - A&E,2008,0.03
13,London - A&E,2009,0.03
13,London - A&E,2010,0.03
13,London - A&E,2011,0.03
13,London - A&E,2012,0.03
13,London - A&E,2013,0.03
13,London - A&E,2014,0.03
13,London - A&E,2015,0.03
13,London - A&E,2016,0.03
13,London - A&E,2017,0.03
13,London - A&E,2018,0.03
13,London - A&E,2019,0.03
13,London - A&E,2020,0.03
13,London - A&E,2021,0.03
13,London - A&E,2022,0.03
13,London - A&E,2023,0.055
13,London - A&E,2024,0.036
13,London - A&E,2025,0.036
13,London - A&E,2026,0.036
13,London - A&E,2027,0.036
13,London - A&E,2028,0.036
13,London - A&E,2029,0.036
13,London - A&E,2030,0.036
13,Marine Libs,2000,0.04
13,Marine Libs,2001,0.04
13,Marine Libs,2002,0.04
13,Marine Libs,2003,0.04
13,Marine Libs,2004,0.04
13,Marine Libs,2005,0.04
13,Marine Libs,2006,0.04
13,Marine Libs,2007,0.04
13,Marine Libs,2008,0.04
13,Marine Libs,2009,0.04
13,Marine Libs,2010,0.04
13,Marine Libs,2011,0.04
13,Marine Libs,2012,0.04
13,Marine Libs,2013,0.04
13,Marine Libs,2014,0.04
13,Marine Libs,2015,0.04
13,Marine Libs,2016,0.04
13,Marine Libs,2017,0.04
13,Marine Libs,2018,0.04
13,Marine Libs,2019,0.04
13,Marine Libs,2020,0.04
13,Marine Libs,2021,0.04
13,Marine Libs,2022,0.06395
13,Marine Libs,2023,0.06395
13,Marine Libs,2024,0.046
13,Marine Libs,2025,0.046
13,Marine Libs,2026,0.046
13,Marine Libs,2027,0.046
13,Marine Libs,2028,0.046
13,Marine Libs,2029,0.046
13,Marine Libs,2030,0.046
13,Marine Misc,2000,0.04
13,Marine Misc,2001,0.04
13,Marine Misc,2002,0.04
13,Marine Misc,2003,0.04
13,Marine Misc,2004,0.04
13,Marine Misc,2005,0.04
13,Marine Misc,2006,0.04
13,Marine Misc,2007,0.04
13,Marine Misc,2008,0.04
13,Marine Misc,2009,0.04
13,Marine Misc,2010,0.04
13,Marine Misc,2011,0.04
13,Marine Misc,2012,0.04
13,Marine Misc,2013,0.04
13,Marine Misc,2014,0.04
13,Marine Misc,2015,0.04
13,Marine Misc,2016,0.04
13,Marine Misc,2017,0.04
13,Marine Misc,2018,0.04
13,Marine Misc,2019,0.04
13,Marine Misc,2020,0.04
13,Marine Misc,2021,0.04
13,Marine Misc,2022,0.06395
13,Marine Misc,2023,0.06395
13,Marine Misc,2024,0.046
13,Marine Misc,2025,0.046
13,Marine Misc,2026,0.046
13,Marine Misc,2027,0.046
13,Marine Misc,2028,0.046
13,Marine Misc,2029,0.046
13,Marine Misc,2030,0.046
13,Media,2000,0.02
13,Media,2001,0.02
13,Media,2002,0.02
13,Media,2003,0.02
13,Media,2004,0.02
13,Media,2005,0.02
13,Media,2006,0.02
13,Media,2007,0.02
13,Media,2008,0.02
13,Media,2009,0.02
13,Media,2010,0.02
13,Media,2011,0.02
13,Media,2012,0.02
13,Media,2013,0.02
13,Media,2014,0.02
13,Media,2015,0.02
13,Media,2016,0.02
13,Media,2017,0.02
13,Media,2018,0.02
13,Media,2019,0.02
13,Media,2020,0.02
13,Media,2021,0.02
13,Media,2022,0.02
13,Media,2023,0.02
13,Media,2024,0.026
13,Media,2025,0.026
13,Media,2026,0.026
13,Media,2027,0.026
13,Media,2028,0.026
13,Media,2029,0.026
13,Media,2030,0.026
13,Misc Med PE,2000,0.03
13,Misc Med PE,2001,0.03
13,Misc Med PE,2002,0.03
13,Misc Med PE,2003,0.03
13,Misc Med PE,2004,0.03
13,Misc Med PE,2005,0.03
13,Misc Med PE,2006,0.03
13,Misc Med PE,2007,0.03
13,Misc Med PE,2008,0.03
13,Misc Med PE,2009,0.03
13,Misc Med PE,2010,0.03
13,Misc Med PE,2011,0.03
13,Misc Med PE,2012,0.03
13,Misc Med PE,2013,0.03
13,Misc Med PE,2014,0.03
13,Misc Med PE,2015,0.03
13,Misc Med PE,2016,0.03
13,Misc Med PE,2017,0.03
13,Misc Med PE,2018,0.03
13,Misc Med PE,2019,0.03
13,Misc Med PE,2020,0.03
13,Misc Med PE,2021,0.03
13,Misc Med PE,2022,0.03
13,Misc Med PE,2023,0.055
13,Misc Med PE,2024,0.07
13,Misc Med PE,2025,0.07
13,Misc Med PE,2026,0.07
13,Misc Med PE,2027,0.07
13,Misc Med PE,2028,0.07
13,Misc Med PE,2029,0.07
13,Misc Med PE,2030,0.07
13,Motor,2000,0.03
13,Motor,2001,0.03
13,Motor,2002,0.03
13,Motor,2003,0.03
13,Motor,2004,0.03
13,Motor,2005,0.03
13,Motor,2006,0.03
13,Motor,2007,0.03
13,Motor,2008,0.03
13,Motor,2009,0.03
13,Motor,2010,0.03
13,Motor,2011,0.03
13,Motor,2012,0.03
13,Motor,2013,0.03
13,Motor,2014,0.03
13,Motor,2015,0.03
13,Motor,2016,0.03
13,Motor,2017,0.03
13,Motor,2018,0.03
13,Motor,2019,0.03
13,Motor,2020,0.03
13,Motor,2021,0.095
13,Motor,2022,0.08
13,Motor,2023,0.05
13,Motor,2024,0.03
13,Motor,2025,0.03
13,Motor,2026,0.03
13,Motor,2027,0.03
13,Motor,2028,0.03
13,Motor,2029,0.03
13,Motor,2030,0.03
13,Open Market,2000,0.03
13,Open Market,2001,0.03
13,Open Market,2002,0.03
13,Open Market,2003,0.03
13,Open Market,2004,0.03
13,Open Market,2005,0.03
13,Open Market,2006,0.03
13,Open Market,2007,0.03
13,Open Market,2008,0.03
13,Open Market,2009,0.03
13,Open Market,2010,0.03
13,Open Market,2011,0.03
13,Open Market,2012,0.03
13,Open Market,2013,0.03
13,Open Market,2014,0.03
13,Open Market,2015,0.03
13,Open Market,2016,0.03
13,Open Market,2017,0.03
13,Open Market,2018,0.03
13,Open Market,2019,0.03
13,Open Market,2020,0.03
13,Open Market,2021,0.095
13,Open Market,2022,0.08
13,Open Market,2023,0.05
13,Open Market,2024,0.03
13,Open Market,2025,0.03
13,Open Market,2026,0.03
13,Open Market,2027,0.03
13,Open Market,2028,0.03
13,Open Market,2029,0.03
13,Open Market,2030,0.03
13,PA Direct,2000,0.02
13,PA Direct,2001,0.02
13,PA Direct,2002,0.02
13,PA Direct,2003,0.02
13,PA Direct,2004,0.02
13,PA Direct,2005,0.02
13,PA Direct,2006,0.02
13,PA Direct,2007,0.02
13,PA Direct,2008,0.02
13,PA Direct,2009,0.02
13,PA Direct,2010,0.02
13,PA Direct,2011,0.02
13,PA Direct,2012,0.02
13,PA Direct,2013,0.02
13,PA Direct,2014,0.02
13,PA Direct,2015,0.02
13,PA Direct,2016,0.02
13,PA Direct,2017,0.02
13,PA Direct,2018,0.02
13,PA Direct,2019,0.02
13,PA Direct,2020,0.02
13,PA Direct,2021,0.02
13,PA Direct,2022,0.02
13,PA Direct,2023,0.045
13,PA Direct,2024,0.026
13,PA Direct,2025,0.026
13,PA Direct,2026,0.026
13,PA Direct,2027,0.026
13,PA Direct,2028,0.026
13,PA Direct,2029,0.026
13,PA Direct,2030,0.026
13,PA reinsurance,2000,0.02
13,PA reinsurance,2001,0.02
13,PA reinsurance,2002,0.02
13,PA reinsurance,2003,0.02
13,PA reinsurance,2004,0.02
13,PA reinsurance,2005,0.02
13,PA reinsurance,2006,0.02
13,PA reinsurance,2007,0.02
13,PA reinsurance,2008,0.02
13,PA reinsurance,2009,0.02
13,PA reinsurance,2010,0.02
13,PA reinsurance,2011,0.02
13,PA reinsurance,2012,0.02
13,PA reinsurance,2013,0.02
13,PA reinsurance,2014,0.02
13,PA reinsurance,2015,0.02
13,PA reinsurance,2016,0.02
13,PA reinsurance,2017,0.02
13,PA reinsurance,2018,0.02
13,PA reinsurance,2019,0.02
13,PA reinsurance,2020,0.02
13,PA reinsurance,2021,0.02
13,PA reinsurance,2022,0.02
13,PA reinsurance,2023,0.045
13,PA reinsurance,2024,0.026
13,PA reinsurance,2025,0.026
13,PA reinsurance,2026,0.026
13,PA reinsurance,2027,0.026
13,PA reinsurance,2028,0.026
13,PA reinsurance,2029,0.026
13,PA reinsurance,2030,0.026
13,Package,2000,0.04
13,Package,2001,0.04
13,Package,2002,0.04
13,Package,2003,0.04
13,Package,2004,0.04
13,Package,2005,0.04
13,Package,2006,0.04
13,Package,2007,0.04
13,Package,2008,0.04
13,Package,2009,0.04
13,Package,2010,0.04
13,Package,2011,0.04
13,Package,2012,0.04
13,Package,2013,0.04
13,Package,2014,0.04
13,Package,2015,0.04
13,Package,2016,0.04
13,Package,2017,0.04
13,Package,2018,0.04
13,Package,2019,0.04
13,Package,2020,0.04
13,Package,2021,0.105
13,Package,2022,0.09
13,Package,2023,0.06
13,Package,2024,0.06
13,Package,2025,0.06
13,Package,2026,0.06
13,Package,2027,0.06
13,Package,2028,0.06
13,Package,2029,0.06
13,Package,2030,0.06
13,PE Delegated Authority,2000,0.02
13,PE Delegated Authority,2001,0.02
13,PE Delegated Authority,2002,0.02
13,PE Delegated Authority,2003,0.02
13,PE Delegated Authority,2004,0.02
13,PE Delegated Authority,2005,0.02
13,PE Delegated Authority,2006,0.02
13,PE Delegated Authority,2007,0.02
13,PE Delegated Authority,2008,0.02
13,PE Delegated Authority,2009,0.02
13,PE Delegated Authority,2010,0.02
13,PE Delegated Authority,2011,0.02
13,PE Delegated Authority,2012,0.02
13,PE Delegated Authority,2013,0.02
13,PE Delegated Authority,2014,0.02
13,PE Delegated Authority,2015,0.02
13,PE Delegated Authority,2016,0.02
13,PE Delegated Authority,2017,0.02
13,PE Delegated Authority,2018,0.02
13,PE Delegated Authority,2019,0.02
13,PE Delegated Authority,2020,0.02
13,PE Delegated Authority,2021,0.02
13,PE Delegated Authority,2022,0.02
13,PE Delegated Authority,2023,0.02
13,PE Delegated Authority,2024,0.06
13,PE Delegated Authority,2025,0.06
13,PE Delegated Authority,2026,0.06
13,PE Delegated Authority,2027,0.06
13,PE Delegated Authority,2028,0.06
13,PE Delegated Authority,2029,0.06
13,PE Delegated Authority,2030,0.06
13,PE International Healthcare,2000,0.03
13,PE International Healthcare,2001,0.03
13,PE International Healthcare,2002,0.03
13,PE International Healthcare,2003,0.03
13,PE International Healthcare,2004,0.03
13,PE International Healthcare,2005,0.03
13,PE International Healthcare,2006,0.03
13,PE International Healthcare,2007,0.03
13,PE International Healthcare,2008,0.03
13,PE International Healthcare,2009,0.03
13,PE International Healthcare,2010,0.03
13,PE International Healthcare,2011,0.03
13,PE International Healthcare,2012,0.03
13,PE International Healthcare,2013,0.03
13,PE International Healthcare,2014,0.03
13,PE International Healthcare,2015,0.03
13,PE International Healthcare,2016,0.03
13,PE International Healthcare,2017,0.03
13,PE International Healthcare,2018,0.03
13,PE International Healthcare,2019,0.03
13,PE International Healthcare,2020,0.03
13,PE International Healthcare,2021,0.03
13,PE International Healthcare,2022,0.03
13,PE International Healthcare,2023,0.091
13,PE International Healthcare,2024,0.036
13,PE International Healthcare,2025,0.036
13,PE International Healthcare,2026,0.036
13,PE International Healthcare,2027,0.036
13,PE International Healthcare,2028,0.036
13,PE International Healthcare,2029,0.036
13,PE International Healthcare,2030,0.036
13,Political,2000,0.02
13,Political,2001,0.02
13,Political,2002,0.02
13,Political,2003,0.02
13,Political,2004,0.02
13,Political,2005,0.02
13,Political,2006,0.02
13,Political,2007,0.02
13,Political,2008,0.02
13,Political,2009,0.02
13,Political,2010,0.02
13,Political,2011,0.02
13,Political,2012,0.02
13,Political,2013,0.02
13,Political,2014,0.02
13,Political,2015,0.02
13,Political,2016,0.02
13,Political,2017,0.02
13,Political,2018,0.02
13,Political,2019,0.02
13,Political,2020,0.02
13,Political,2021,0.02
13,Political,2022,0.02
13,Political,2023,0.045
13,Political,2024,0.026
13,Political,2025,0.026
13,Political,2026,0.026
13,Political,2027,0.026
13,Political,2028,0.026
13,Political,2029,0.026
13,Political,2030,0.026
13,Recall US,2000,0.02
13,Recall US,2001,0.02
13,Recall US,2002,0.02
13,Recall US,2003,0.02
13,Recall US,2004,0.02
13,Recall US,2005,0.02
13,Recall US,2006,0.02
13,Recall US,2007,0.02
13,Recall US,2008,0.02
13,Recall US,2009,0.02
13,Recall US,2010,0.02
13,Recall US,2011,0.02
13,Recall US,2012,0.02
13,Recall US,2013,0.02
13,Recall US,2014,0.02
13,Recall US,2015,0.02
13,Recall US,2016,0.02
13,Recall US,2017,0.02
13,Recall US,2018,0.02
13,Recall US,2019,0.02
13,Recall US,2020,0.02
13,Recall US,2021,0.02
13,Recall US,2022,0.02
13,Recall US,2023,0.02
13,Recall US,2024,0.026
13,Recall US,2025,0.026
13,Recall US,2026,0.026
13,Recall US,2027,0.026
13,Recall US,2028,0.026
13,Recall US,2029,0.026
13,Recall US,2030,0.026
13,Safeguard,2000,0.04
13,Safeguard,2001,0.04
13,Safeguard,2002,0.04
13,Safeguard,2003,0.04
13,Safeguard,2004,0.04
13,Safeguard,2005,0.04
13,Safeguard,2006,0.04
13,Safeguard,2007,0.04
13,Safeguard,2008,0.04
13,Safeguard,2009,0.04
13,Safeguard,2010,0.04
13,Safeguard,2011,0.04
13,Safeguard,2012,0.04
13,Safeguard,2013,0.04
13,Safeguard,2014,0.04
13,Safeguard,2015,0.04
13,Safeguard,2016,0.04
13,Safeguard,2017,0.04
13,Safeguard,2018,0.04
13,Safeguard,2019,0.04
13,Safeguard,2020,0.04
13,Safeguard,2021,0.04
13,Safeguard,2022,0.04
13,Safeguard,2023,0.09
13,Safeguard,2024,0.095
13,Safeguard,2025,0.095
13,Safeguard,2026,0.095
13,Safeguard,2027,0.095
13,Safeguard,2028,0.095
13,Safeguard,2029,0.095
13,Safeguard,2030,0.095
13,Satellite,2000,0.03
13,Satellite,2001,0.03
13,Satellite,2002,0.03
13,Satellite,2003,0.03
13,Satellite,2004,0.03
13,Satellite,2005,0.03
13,Satellite,2006,0.03
13,Satellite,2007,0.03
13,Satellite,2008,0.03
13,Satellite,2009,0.03
13,Satellite,2010,0.03
13,Satellite,2011,0.03
13,Satellite,2012,0.03
13,Satellite,2013,0.03
13,Satellite,2014,0.03
13,Satellite,2015,0.03
13,Satellite,2016,0.03
13,Satellite,2017,0.03
13,Satellite,2018,0.03
13,Satellite,2019,0.03
13,Satellite,2020,0.03
13,Satellite,2021,0.03
13,Satellite,2022,0.0777
13,Satellite,2023,0.05
13,Satellite,2024,0.036
13,Satellite,2025,0.036
13,Satellite,2026,0.036
13,Satellite,2027,0.036
13,Satellite,2028,0.036
13,Satellite,2029,0.036
13,Satellite,2030,0.036
13,Specialty (PT),2000,0.02
13,Specialty (PT),2001,0.02
13,Specialty (PT),2002,0.02
13,Specialty (PT),2003,0.02
13,Specialty (PT),2004,0.02
13,Specialty (PT),2005,0.02
13,Specialty (PT),2006,0.02
13,Specialty (PT),2007,0.02
13,Specialty (PT),2008,0.02
13,Specialty (PT),2009,0.02
13,Specialty (PT),2010,0.02
13,Specialty (PT),2011,0.02
13,Specialty (PT),2012,0.02
13,Specialty (PT),2013,0.02
13,Specialty (PT),2014,0.02
13,Specialty (PT),2015,0.02
13,Specialty (PT),2016,0.02
13,Specialty (PT),2017,0.02
13,Specialty (PT),2018,0.02
13,Specialty (PT),2019,0.02
13,Specialty (PT),2020,0.02
13,Specialty (PT),2021,0.02
13,Specialty (PT),2022,0.02
13,Specialty (PT),2023,0.02
13,Specialty (PT),2024,0.026
13,Specialty (PT),2025,0.026
13,Specialty (PT),2026,0.026
13,Specialty (PT),2027,0.026
13,Specialty (PT),2028,0.026
13,Specialty (PT),2029,0.026
13,Specialty (PT),2030,0.026
13,Specie,2000,0.02
13,Specie,2001,0.02
13,Specie,2002,0.02
13,Specie,2003,0.02
13,Specie,2004,0.02
13,Specie,2005,0.02
13,Specie,2006,0.02
13,Specie,2007,0.02
13,Specie,2008,0.02
13,Specie,2009,0.02
13,Specie,2010,0.02
13,Specie,2011,0.02
13,Specie,2012,0.02
13,Specie,2013,0.02
13,Specie,2014,0.02
13,Specie,2015,0.02
13,Specie,2016,0.02
13,Specie,2017,0.02
13,Specie,2018,0.02
13,Specie,2019,0.02
13,Specie,2020,0.02
13,Specie,2021,0.02
13,Specie,2022,0.02
13,Specie,2023,0.02
13,Specie,2024,0.02
13,Specie,2025,0.02
13,Specie,2026,0.02
13,Specie,2027,0.02
13,Specie,2028,0.02
13,Specie,2029,0.02
13,Specie,2030,0.02
13,Sports,2000,0.02
13,Sports,2001,0.02
13,Sports,2002,0.02
13,Sports,2003,0.02
13,Sports,2004,0.02
13,Sports,2005,0.02
13,Sports,2006,0.02
13,Sports,2007,0.02
13,Sports,2008,0.02
13,Sports,2009,0.02
13,Sports,2010,0.02
13,Sports,2011,0.02
13,Sports,2012,0.02
13,Sports,2013,0.02
13,Sports,2014,0.02
13,Sports,2015,0.02
13,Sports,2016,0.02
13,Sports,2017,0.02
13,Sports,2018,0.02
13,Sports,2019,0.02
13,Sports,2020,0.02
13,Sports,2021,0.02
13,Sports,2022,0.02
13,Sports,2023,0.045
13,Sports,2024,0.026
13,Sports,2025,0.026
13,Sports,2026,0.026
13,Sports,2027,0.026
13,Sports,2028,0.026
13,Sports,2029,0.026
13,Sports,2030,0.026
13,Surety,2000,0.03
13,Surety,2001,0.03
13,Surety,2002,0.03
13,Surety,2003,0.03
13,Surety,2004,0.03
13,Surety,2005,0.03
13,Surety,2006,0.03
13,Surety,2007,0.03
13,Surety,2008,0.03
13,Surety,2009,0.03
13,Surety,2010,0.03
13,Surety,2011,0.03
13,Surety,2012,0.03
13,Surety,2013,0.03
13,Surety,2014,0.03
13,Surety,2015,0.03
13,Surety,2016,0.03
13,Surety,2017,0.03
13,Surety,2018,0.03
13,Surety,2019,0.03
13,Surety,2020,0.03
13,Surety,2021,0.03
13,Surety,2022,0.03
13,Surety,2023,0.03
13,Surety,2024,0.036
13,Surety,2025,0.036
13,Surety,2026,0.036
13,Surety,2027,0.036
13,Surety,2028,0.036
13,Surety,2029,0.036
13,Surety,2030,0.036
13,Swiss,2000,0.03
13,Swiss,2001,0.03
13,Swiss,2002,0.03
13,Swiss,2003,0.03
13,Swiss,2004,0.03
13,Swiss,2005,0.03
13,Swiss,2006,0.03
13,Swiss,2007,0.03
13,Swiss,2008,0.03
13,Swiss,2009,0.03
13,Swiss,2010,0.03
13,Swiss,2011,0.03
13,Swiss,2012,0.03
13,Swiss,2013,0.03
13,Swiss,2014,0.03
13,Swiss,2015,0.03
13,Swiss,2016,0.03
13,Swiss,2017,0.03
13,Swiss,2018,0.03
13,Swiss,2019,0.03
13,Swiss,2020,0.03
13,Swiss,2021,0.095
13,Swiss,2022,0.08
13,Swiss,2023,0.07
13,Swiss,2024,0.036
13,Swiss,2025,0.036
13,Swiss,2026,0.036
13,Swiss,2027,0.036
13,Swiss,2028,0.036
13,Swiss,2029,0.036
13,Swiss,2030,0.036
13,Terrorism,2000,0.02
13,Terrorism,2001,0.02
13,Terrorism,2002,0.02
13,Terrorism,2003,0.02
13,Terrorism,2004,0.02
13,Terrorism,2005,0.02
13,Terrorism,2006,0.02
13,Terrorism,2007,0.02
13,Terrorism,2008,0.02
13,Terrorism,2009,0.02
13,Terrorism,2010,0.02
13,Terrorism,2011,0.02
13,Terrorism,2012,0.02
13,Terrorism,2013,0.02
13,Terrorism,2014,0.02
13,Terrorism,2015,0.02
13,Terrorism,2016,0.02
13,Terrorism,2017,0.02
13,Terrorism,2018,0.02
13,Terrorism,2019,0.02
13,Terrorism,2020,0.02
13,Terrorism,2021,0.02
13,Terrorism,2022,0.02
13,Terrorism,2023,0.045
13,Terrorism,2024,0.026
13,Terrorism,2025,0.026
13,Terrorism,2026,0.026
13,Terrorism,2027,0.026
13,Terrorism,2028,0.026
13,Terrorism,2029,0.026
13,Terrorism,2030,0.026
13,TMB E&O,2000,0.02
13,TMB E&O,2001,0.02
13,TMB E&O,2002,0.02
13,TMB E&O,2003,0.02
13,TMB E&O,2004,0.02
13,TMB E&O,2005,0.02
13,TMB E&O,2006,0.02
13,TMB E&O,2007,0.02
13,TMB E&O,2008,0.02
13,TMB E&O,2009,0.02
13,TMB E&O,2010,0.02
13,TMB E&O,2011,0.02
13,TMB E&O,2012,0.02
13,TMB E&O,2013,0.02
13,TMB E&O,2014,0.02
13,TMB E&O,2015,0.02
13,TMB E&O,2016,0.02
13,TMB E&O,2017,0.02
13,TMB E&O,2018,0.02
13,TMB E&O,2019,0.02
13,TMB E&O,2020,0.02
13,TMB E&O,2021,0.04
13,TMB E&O,2022,0.04
13,TMB E&O,2023,0.04
13,TMB E&O,2024,0.026
13,TMB E&O,2025,0.026
13,TMB E&O,2026,0.026
13,TMB E&O,2027,0.026
13,TMB E&O,2028,0.026
13,TMB E&O,2029,0.026
13,TMB E&O,2030,0.026
13,TMB Info Sec,2000,0.02
13,TMB Info Sec,2001,0.02
13,TMB Info Sec,2002,0.02
13,TMB Info Sec,2003,0.02
13,TMB Info Sec,2004,0.02
13,TMB Info Sec,2005,0.02
13,TMB Info Sec,2006,0.02
13,TMB Info Sec,2007,0.02
13,TMB Info Sec,2008,0.02
13,TMB Info Sec,2009,0.02
13,TMB Info Sec,2010,0.02
13,TMB Info Sec,2011,0.02
13,TMB Info Sec,2012,0.02
13,TMB Info Sec,2013,0.02
13,TMB Info Sec,2014,0.02
13,TMB Info Sec,2015,0.02
13,TMB Info Sec,2016,0.02
13,TMB Info Sec,2017,0.02
13,TMB Info Sec,2018,0.02
13,TMB Info Sec,2019,0.02
13,TMB Info Sec,2020,0.02
13,TMB Info Sec,2021,0.04
13,TMB Info Sec,2022,0.04
13,TMB Info Sec,2023,0.04
13,TMB Info Sec,2024,0.026
13,TMB Info Sec,2025,0.026
13,TMB Info Sec,2026,0.026
13,TMB Info Sec,2027,0.026
13,TMB Info Sec,2028,0.026
13,TMB Info Sec,2029,0.026
13,TMB Info Sec,2030,0.026
13,TMB MM,2000,0.02
13,TMB MM,2001,0.02
13,TMB MM,2002,0.02
13,TMB MM,2003,0.02
13,TMB MM,2004,0.02
13,TMB MM,2005,0.02
13,TMB MM,2006,0.02
13,TMB MM,2007,0.02
13,TMB MM,2008,0.02
13,TMB MM,2009,0.02
13,TMB MM,2010,0.02
13,TMB MM,2011,0.02
13,TMB MM,2012,0.02
13,TMB MM,2013,0.02
13,TMB MM,2014,0.02
13,TMB MM,2015,0.02
13,TMB MM,2016,0.02
13,TMB MM,2017,0.02
13,TMB MM,2018,0.02
13,TMB MM,2019,0.02
13,TMB MM,2020,0.02
13,TMB MM,2021,0.04
13,TMB MM,2022,0.04
13,TMB MM,2023,0.04
13,TMB MM,2024,0.026
13,TMB MM,2025,0.026
13,TMB MM,2026,0.026
13,TMB MM,2027,0.026
13,TMB MM,2028,0.026
13,TMB MM,2029,0.026
13,TMB MM,2030,0.026
13,TMB MM InfoSec,2000,0.02
13,TMB MM InfoSec,2001,0.02
13,TMB MM InfoSec,2002,0.02
13,TMB MM InfoSec,2003,0.02
13,TMB MM InfoSec,2004,0.02
13,TMB MM InfoSec,2005,0.02
13,TMB MM InfoSec,2006,0.02
13,TMB MM InfoSec,2007,0.02
13,TMB MM InfoSec,2008,0.02
13,TMB MM InfoSec,2009,0.02
13,TMB MM InfoSec,2010,0.02
13,TMB MM InfoSec,2011,0.02
13,TMB MM InfoSec,2012,0.02
13,TMB MM InfoSec,2013,0.02
13,TMB MM InfoSec,2014,0.02
13,TMB MM InfoSec,2015,0.02
13,TMB MM InfoSec,2016,0.02
13,TMB MM InfoSec,2017,0.02
13,TMB MM InfoSec,2018,0.02
13,TMB MM InfoSec,2019,0.02
13,TMB MM InfoSec,2020,0.02
13,TMB MM InfoSec,2021,0.04
13,TMB MM InfoSec,2022,0.04
13,TMB MM InfoSec,2023,0.04
13,TMB MM InfoSec,2024,0.026
13,TMB MM InfoSec,2025,0.026
13,TMB MM InfoSec,2026,0.026
13,TMB MM InfoSec,2027,0.026
13,TMB MM InfoSec,2028,0.026
13,TMB MM InfoSec,2029,0.026
13,TMB MM InfoSec,2030,0.026
13,US - A&E MM,2000,0.03
13,US - A&E MM,2001,0.03
13,US - A&E MM,2002,0.03
13,US - A&E MM,2003,0.03
13,US - A&E MM,2004,0.03
13,US - A&E MM,2005,0.03
13,US - A&E MM,2006,0.03
13,US - A&E MM,2007,0.03
13,US - A&E MM,2008,0.03
13,US - A&E MM,2009,0.03
13,US - A&E MM,2010,0.03
13,US - A&E MM,2011,0.03
13,US - A&E MM,2012,0.03
13,US - A&E MM,2013,0.03
13,US - A&E MM,2014,0.03
13,US - A&E MM,2015,0.03
13,US - A&E MM,2016,0.03
13,US - A&E MM,2017,0.03
13,US - A&E MM,2018,0.03
13,US - A&E MM,2019,0.03
13,US - A&E MM,2020,0.03
13,US - A&E MM,2021,0.03
13,US - A&E MM,2022,0.03
13,US - A&E MM,2023,0.055
13,US - A&E MM,2024,0.036
13,US - A&E MM,2025,0.036
13,US - A&E MM,2026,0.036
13,US - A&E MM,2027,0.036
13,US - A&E MM,2028,0.036
13,US - A&E MM,2029,0.036
13,US - A&E MM,2030,0.036
13,US Large Risk Cyber,2000,0.02
13,US Large Risk Cyber,2001,0.02
13,US Large Risk Cyber,2002,0.02
13,US Large Risk Cyber,2003,0.02
13,US Large Risk Cyber,2004,0.02
13,US Large Risk Cyber,2005,0.02
13,US Large Risk Cyber,2006,0.02
13,US Large Risk Cyber,2007,0.02
13,US Large Risk Cyber,2008,0.02
13,US Large Risk Cyber,2009,0.02
13,US Large Risk Cyber,2010,0.02
13,US Large Risk Cyber,2011,0.02
13,US Large Risk Cyber,2012,0.02
13,US Large Risk Cyber,2013,0.02
13,US Large Risk Cyber,2014,0.02
13,US Large Risk Cyber,2015,0.02
13,US Large Risk Cyber,2016,0.02
13,US Large Risk Cyber,2017,0.02
13,US Large Risk Cyber,2018,0.02
13,US Large Risk Cyber,2019,0.02
13,US Large Risk Cyber,2020,0.02
13,US Large Risk Cyber,2021,0.04
13,US Large Risk Cyber,2022,0.04
13,US Large Risk Cyber,2023,0.04
13,US Large Risk Cyber,2024,0.026
13,US Large Risk Cyber,2025,0.026
13,US Large Risk Cyber,2026,0.026
13,US Large Risk Cyber,2027,0.026
13,US Large Risk Cyber,2028,0.026
13,US Large Risk Cyber,2029,0.026
13,US Large Risk Cyber,2030,0.026
13,US M&A,2000,0.02
13,US M&A,2001,0.02
13,US M&A,2002,0.02
13,US M&A,2003,0.02
13,US M&A,2004,0.02
13,US M&A,2005,0.02
13,US M&A,2006,0.02
13,US M&A,2007,0.02
13,US M&A,2008,0.02
13,US M&A,2009,0.02
13,US M&A,2010,0.02
13,US M&A,2011,0.02
13,US M&A,2012,0.02
13,US M&A,2013,0.02
13,US M&A,2014,0.02
13,US M&A,2015,0.02
13,US M&A,2016,0.02
13,US M&A,2017,0.02
13,US M&A,2018,0.02
13,US M&A,2019,0.02
13,US M&A,2020,0.02
13,US M&A,2021,0.02
13,US M&A,2022,0.02
13,US M&A,2023,0.02
13,US M&A,2024,0.026
13,US M&A,2025,0.026
13,US M&A,2026,0.026
13,US M&A,2027,0.026
13,US M&A,2028,0.026
13,US M&A,2029,0.026
13,US M&A,2030,0.026
13,US Marine,2000,0.03
13,US Marine,2001,0.03
13,US Marine,2002,0.03
13,US Marine,2003,0.03
13,US Marine,2004,0.03
13,US Marine,2005,0.03
13,US Marine,2006,0.03
13,US Marine,2007,0.03
13,US Marine,2008,0.03
13,US Marine,2009,0.03
13,US Marine,2010,0.03
13,US Marine,2011,0.03
13,US Marine,2012,0.03
13,US Marine,2013,0.03
13,US Marine,2014,0.03
13,US Marine,2015,0.03
13,US Marine,2016,0.03
13,US Marine,2017,0.03
13,US Marine,2018,0.03
13,US Marine,2019,0.03
13,US Marine,2020,0.03
13,US Marine,2021,0.03
13,US Marine,2022,0.0777
13,US Marine,2023,0.05
13,US Marine,2024,0.036
13,US Marine,2025,0.036
13,US Marine,2026,0.036
13,US Marine,2027,0.036
13,US Marine,2028,0.036
13,US Marine,2029,0.036
13,US Marine,2030,0.036
13,US PE London,2000,0.04
13,US PE London,2001,0.04
13,US PE London,2002,0.04
13,US PE London,2003,0.04
13,US PE London,2004,0.04
13,US PE London,2005,0.04
13,US PE London,2006,0.04
13,US PE London,2007,0.04
13,US PE London,2008,0.04
13,US PE London,2009,0.04
13,US PE London,2010,0.04
13,US PE London,2011,0.04
13,US PE London,2012,0.04
13,US PE London,2013,0.04
13,US PE London,2014,0.04
13,US PE London,2015,0.04
13,US PE London,2016,0.04
13,US PE London,2017,0.04
13,US PE London,2018,0.04
13,US PE London,2019,0.04
13,US PE London,2020,0.04
13,US PE London,2021,0.04
13,US PE London,2022,0.04
13,US PE London,2023,0.06
13,US PE London,2024,0.046
13,US PE London,2025,0.046
13,US PE London,2026,0.046
13,US PE London,2027,0.046
13,US PE London,2028,0.046
13,US PE London,2029,0.046
13,US PE London,2030,0.046
13,US PE London BBR,2000,0.04
13,US PE London BBR,2001,0.04
13,US PE London BBR,2002,0.04
13,US PE London BBR,2003,0.04
13,US PE London BBR,2004,0.04
13,US PE London BBR,2005,0.04
13,US PE London BBR,2006,0.04
13,US PE London BBR,2007,0.04
13,US PE London BBR,2008,0.04
13,US PE London BBR,2009,0.04
13,US PE London BBR,2010,0.04
13,US PE London BBR,2011,0.04
13,US PE London BBR,2012,0.04
13,US PE London BBR,2013,0.04
13,US PE London BBR,2014,0.04
13,US PE London BBR,2015,0.04
13,US PE London BBR,2016,0.04
13,US PE London BBR,2017,0.04
13,US PE London BBR,2018,0.04
13,US PE London BBR,2019,0.04
13,US PE London BBR,2020,0.04
13,US PE London BBR,2021,0.04
13,US PE London BBR,2022,0.04
13,US PE London BBR,2023,0.06
13,US PE London BBR,2024,0.046
13,US PE London BBR,2025,0.046
13,US PE London BBR,2026,0.046
13,US PE London BBR,2027,0.046
13,US PE London BBR,2028,0.046
13,US PE London BBR,2029,0.046
13,US PE London BBR,2030,0.046
13,US Programmes,2000,0.04
13,US Programmes,2001,0.04
13,US Programmes,2002,0.04
13,US Programmes,2003,0.04
13,US Programmes,2004,0.04
13,US Programmes,2005,0.04
13,US Programmes,2006,0.04
13,US Programmes,2007,0.04
13,US Programmes,2008,0.04
13,US Programmes,2009,0.04
13,US Programmes,2010,0.04
13,US Programmes,2011,0.04
13,US Programmes,2012,0.04
13,US Programmes,2013,0.04
13,US Programmes,2014,0.04
13,US Programmes,2015,0.04
13,US Programmes,2016,0.04
13,US Programmes,2017,0.04
13,US Programmes,2018,0.04
13,US Programmes,2019,0.04
13,US Programmes,2020,0.04
13,US Programmes,2021,0.04
13,US Programmes,2022,0.04
13,US Programmes,2023,0.06
13,US Programmes,2024,0.046
13,US Programmes,2025,0.046
13,US Programmes,2026,0.046
13,US Programmes,2027,0.046
13,US Programmes,2028,0.046
13,US Programmes,2029,0.046
13,US Programmes,2030,0.046
13,War,2000,0.03
13,War,2001,0.03
13,War,2002,0.03
13,War,2003,0.03
13,War,2004,0.03
13,War,2005,0.03
13,War,2006,0.03
13,War,2007,0.03
13,War,2008,0.03
13,War,2009,0.03
13,War,2010,0.03
13,War,2011,0.03
13,War,2012,0.03
13,War,2013,0.03
13,War,2014,0.03
13,War,2015,0.03
13,War,2016,0.03
13,War,2017,0.03
13,War,2018,0.03
13,War,2019,0.03
13,War,2020,0.03
13,War,2021,0.03
13,War,2022,0.0777
13,War,2023,0.05
13,War,2024,0.036
13,War,2025,0.036
13,War,2026,0.036
13,War,2027,0.036
13,War,2028,0.036
13,War,2029,0.036
13,War,2030,0.036
