vessel_type,factor,vessel_type_group
Bulk Carrier - BBU,1,BULK_CARRIERS
Bulk Carrier With Container Capacity - BCB,1,BULK_CARRIERS
Bulk Cement Carrier - BCE,1,CEMENT_CARRIER
Bulk Ore Carrier - BOR,1,BULK_CARRIERS
Wood-Chip Carrier - BWC,1,BULK_CARRIERS
Combined Bulk And Oil Carrier - CBO,1,BULK_CARRIERS
Combined Ore And Oil Carrier - COO,1,TANKER
Bucket Dredger - DBD,1,DREDGER
Cutter Suction Hopper Dredger - DCH,1,DREDGER
Cutter Suction Dredger - DCS,1,DREDGER
Dredger - DDR,1,DREDGER
Grab Dredger - DGD,1,DREDGER
Grab Hopper Dredger - DGH,1,DREDGER
Hopper Dredger - DHD,1,DREDGER
Suction Dredger - DSD,1,DREDGER
Suction Hopper Dredger - DSH,1,DREDGER
Sand Suction Dredger - DSS,1,DREDGER
Trailing Suction Dredger - DTD,1,DREDGER
Trailing Suction Hopper Dredger - DTS,1,DREDGER
Dry Cargo Vessel (Unspecified) - DZZ,1,GENERAL_CARGO
Fish Carrier - FFC,1.5,FISH_CARRIER
Fish Factory - FFF,1.5,FISH_FACTORY_SHIP
Fishery Protection - FFP,1.5,FISHING_VESSEL
Fishing (General) - FFS,1.5,FISHING_VESSEL
Trawler (All Types) - FTR,1.5,FISHING_VESSEL
Whale Factory - FWF,1.5,FISHING_VESSEL
Whaler - FWH,1.5,FISHING_VESSEL
Cargo/Training - GCT,1,GENERAL_CARGO
General Cargo - GGC,1,GENERAL_CARGO
General Cargo With Container Capacity - GPC,1,GENERAL_CARGO
Reefer - GRF,1,GENERAL_CARGO
Compressed Natural Gas Carrier - LCN,1,LNG_TANKER
Floating Gas Production - LFP,1,FLOATING_PRODUCTION
Floating Gas Storage - LFS,1,FLOATING_PRODUCTION
Liquid Natural Gas Carrier - LNG,1,LNG_TANKER
Combined Lng And Lpg Gas Carrier - LNP,1,LNG_TANKER
Liquid Petroleum Gas Carrier - LPG,1,LPG_TANKER
Livestock - MLV,1,LIVESTOCK_CARRIER
Passenger (Cruise) - MPR,1,PASSENGER_CRUISE
Vehicle Carrier - MVE,1,VEHICLES_CARRIER
Naval Vessel - NAV,1,MISCELLANEOUS
Naval Auxiliary Vessel - NAX,1,SUPPORT
Barge - OBA,1,BARGE
Buoy Ship/Supply - OBS,1,SUPPLY
Buoy Ship - OBY,1,MISCELLANEOUS
Cable Ship - OCL,1,CABLE_LAYER
Cable Pontoon - OCP,1,CABLE_LAYER
Crane Ship - OCS,1,CRANE_VESSEL
Crane Barge - OCX,1,BARGE
Depot Ship - ODE,1,MISCELLANEOUS
Diving Support - ODS,1,SUPPORT
Exhibition Ship - OES,1,MISCELLANEOUS
Floating Crane - OFL,1,CRANE_VESSEL
Ferry - OFY,1,PASSENGER_SHIP
Hopper Barge - OHB,1,BARGE
Hydrofoil - OHF,1,MISCELLANEOUS
Semi-Sub Hl Vessel - OHL,1,SEMI_SUBMERSIBLE
Hospital Ship - OHS,1,HOSPITAL_VESSEL
Semi-Sub Hl/Tank - OHT,1,SEMI_SUBMERSIBLE
Icebreaker - OIB,1,ICEBREAKER
Icebreaker/Ferry - OIF,1,ICEBREAKER
Icebreaker/Supply - OIS,1,ICEBREAKER
Icebreaker/Tender - OIT,1,ICEBREAKER
Landing Craft - OLC,1,LANDING_CRAFT
Lighthouse/Tender - OLT,1,SUPPLY
Mining Ship - OMN,1,JACKUP_BARGE
Mission Ship - OMS,1,MISCELLANEOUS
Maintenance - OMT,1,SUPPLY
Offshore Safety - OOS,1,SUPPORT
Patrol Ship - OPA,1,PATROL_VESSEL
Pollution Control Vessel - OPC,1,SUPPORT
Paddle - OPD,1,MISCELLANEOUS
Pilot Ship - OPI,1,PILOT_VESSEL
Pipe Layer - OPL,1,PIPE_LAYER
Pontoon - OPO,1,BARGE
Pipe Carrier - OPP,1,PIPE_LAYER
Radio Ship - ORD,1,SUPPORT
Ro/Ro Pontoon - ORN,1,BARGE
Repair Ship - ORP,1,SUPPORT
Repair Barge - ORX,1,BARGE
Storage Barge - OSB,1,BARGE
Sludge Carrier - OSC,1,TANKER
Submarine - OSM,1,MISCELLANEOUS
Semi-Sub Pontoon - OSP,1,SEMI_SUBMERSIBLE
Storage Ship - OSS,1,BARGE
Support - OSU,1,SUPPORT
Salvage - OSV,1,SUPPORT
Supply - OSY,1,SUPPLY
Standby Safety Vessel - OSZ,1,SUPPORT
Tank Barge - OTB,1,BARGE
Tank Cleaning Ship - OTC,1,SUPPORT
Tender - OTN,1,SUPPORT
Training - OTR,1,SUPPORT
Waste Ship - OWA,1,SUPPORT
Work Ship - OWO,1,SUPPLY
Yacht - OYT,1,YACHT
Passenger Ro/Ro - PRR,1,PASSENGER_RO_RO_SHIP_VEHICLES
Passenger Vessel (Unspecified) - PZZ,1,PASSENGER_SHIP
Hydrographic Research - RHR,1,RESEARCH_SURVEY_VESSEL
Meteorological Research - RMR,1,RESEARCH_SURVEY_VESSEL
Oceanographic Research - ROR,1,RESEARCH_SURVEY_VESSEL
Research/Buoy Ship - RRB,1,RESEARCH_SURVEY_VESSEL
Research - RRE,1,RESEARCH_SURVEY_VESSEL
Research/Supply Ship - RRS,1,RESEARCH_SURVEY_VESSEL
Seismographic Research - RSR,1,RESEARCH_SURVEY_VESSEL
Acid Tanker - TAC,1,TANKER
Asphalt Tanker - TAS,1,TANKER
Bunkering Tanker - TBK,1,TANKER
Chemical Tanker - TCH,1,CHEMICAL_TANKER
Combined Chemical And Oil Tanker - TCO,1,CHEMICAL_TANKER
Crude Oil Tanker - TCR,1,TANKER
Floating Drilling Production Tanker - TDP,1,FLOATING_PRODUCTION
Edible Oil Tanker - TEO,1,TANKER
Fruit Juice Tanker - TFJ,1,FRUIT_JUICE_CARRIER_REFRIGERATED
Fish Oil Tanker - TFO,1,FISHING_VESSEL
Floating Production Tanker - TFP,1,FLOATING_PRODUCTION
Floating Storage Tanker - TFS,1,FLOATING_PRODUCTION
Molasses Tanker - TMO,1,TANKER
Naval Auxiliary Tanker - TNA,1,TANKER
Product Tanker - TPD,1,TANKER
Tanker With Ro/Ro For Road Tankers. - TRR,1,TANKER
Tanker (Unspecified) - TTA,1,TANKER
Wine Tanker - TWN,1,TANKER
Water Tanker - TWT,1,TANKER
Barge Container Carrier - UBC,1,CONTAINER_SHIP_FULLY_CELLULAR
Barge Carrier - UBG,1,GENERAL_CARGO
Fully Cellular Containership - UCC,1,CONTAINER_SHIP_FULLY_CELLULAR
Fully Cellular Refrigerated - UCR,1,REFRIGERATED_CARGO_SHIP
Roll On Roll Off With Container Capacity - URC,1,RO_RO_CARGO_SHIP
Roll On Roll Off - URR,1,RO_RO_CARGO_SHIP
Anchor Handling Salvage Tug - XAA,0.63,TUG
Anchor Handling Fire Fighting Tug/Supply - XAF,0.63,SUPPLY
Anchor Handling Fire Fighting Tug - XAG,0.63,TUG
Anchor Handling Tug/Supply - XAH,0.63,SUPPLY
Anchor Handling Tug - XAT,0.63,TUG
Catamaran Tug - XCT,0.63,TUG
Fire Fighting Tug - XFF,0.63,TUG
Fire Fighting Tug/Supply - XFS,0.63,SUPPLY
Fire Fighting Tractor Tug - XFT,0.63,TUG
Pusher Tug - XPT,0.63,TUG
Salvage Tug - XST,0.63,TUG
Tug - XTG,0.63,TUG
Tug/Icebreaker - XTI,0.63,TUG
Tug/Pilot Ship - XTP,0.63,TUG
Tractor Tug - XTR,0.63,TUG
Tug/Supply - XTS,0.63,TUG
Tug/Tender - XTT,0.63,TUG
Tug/Support - XTX,0.63,TUG
Drill Platform - YDP,1,JACKUP_BARGE
Drill Ship - YDS,1,JACKUP_BARGE
Vessel Type (Unspecified) - ZZZ,1,MISCELLANEOUS