vessel_type,net_achieved_prem_adj_to_full_coverage,sum_of_agreed_value,count_of_identifier,achieved_rate
Anchor Handling Fire Fighting Tug - XAG,131806.665579200000000000000000,25000000,4,0.005272266623168000000000
Anchor Handling Salvage Tug - XAA,94810.905000000000000000000000,2250000,2,0.042138180000000000000000
Anchor Handling Tug - XAT,5264546.920095040000000000000000,1284765733.795240000000000000000000,177,0.004097670712732510000000
Anchor Handling Tug/Supply - XAH,15707119.462036000000000000000000,3896547056.849950000000000000000000,335,0.004031035486771180000000
Asphalt Tanker - TAS,2728215.553902640000000000000000,494839334,40,0.005513336079913650000000
Barge - OBA,67752837.384725100000000000000000,12196274226.228300000000000000000000,2001,0.005555207773126460000000
Bulk Carrier - BBU,108883167.040968000000000000000000,38236950161.142100000000000000000000,2073,0.002847590264968850000000
Bulk Carrier With Container Capacity - BCB,35327.812500000000000000000000,5625000,1,0.006280500000000000000000
Bulk Cement Carrier - BCE,1325735.901646800000000000000000,342061927,23,0.003875718976601570000000
Bulk Ore Carrier - BOR,1518708.208425100000000000000000,1301364869,31,0.001167011838572310000000
Bunkering Tanker - TBK,616329.831552000000000000000000,150788000,38,0.004087393105233840000000
Buoy Ship/Supply - OBS,32550,6000000,1,0.005425000000000000000000
Chemical Tanker - TCH,6467813.005351640000000000000000,1732620825.412500000000000000000000,138,0.003732965061072600000000
Combined Bulk And Oil Carrier - CBO,402002.400000000000000000000000,60000000,2,0.006700040000000000000000
Combined Chemical And Oil Tanker - TCO,9735564.542260790000000000000000,4666290750.977430000000000000000000,210,0.002086360465262810000000
Combined Lng And Lpg Gas Carrier - LNP,148812.783125000000000000000000,40575600,3,0.003667543625356130000000
Crane Barge - OCX,4793544.859063290000000000000000,1111518244.632150000000000000000000,94,0.004312610145818780000000
Crane Ship - OCS,26359559.606735000000000000000000,12750965600,23,0.002067259879262400000000
Crude Oil Tanker - TCR,27979090.899709900000000000000000,19483226091.037800000000000000000000,531,0.001436060474224040000000
Cutter Suction Dredger - DCS,426259.198725742000000000000000,49423021.525845000000000000000000,3,0.008624709408000000000000
Depot Ship - ODE,30550.951965702000000000000000,2351148.272613000000000000000000,6,0.012994055849888400000000
Diving Support - ODS,3158785.893620810000000000000000,980014470.416791000000000000000000,28,0.003223203318903460000000
Dredger - DDR,1152245.268812910000000000000000,121097101.487181000000000000000000,19,0.009515052422083620000000
Ferry - OFY,2944064.491796000000000000000000,109116679,13,0.026980884304552600000000
Fire Fighting Tug - XFF,285114.620863800000000000000000,75562846,17,0.003773211782729830000000
Fire Fighting Tug/Supply - XFS,188936.011524000000000000000000,40859250,9,0.004624069495255050000000
Fishery Protection - FFP,691000.167000000000000000000000,132000000,3,0.005234849750000000000000
Fishing (General) - FFS,11332826.921871500000000000000000,1348890590.487710000000000000000000,114,0.008401590908699250000000
Floating Crane - OFL,1112791.868979090000000000000000,280939176.873559000000000000000000,21,0.003960970774396180000000
Floating Gas Production - LFP,362205.553312500000000000000000,143775000,2,0.002519252674752220000000
Floating Gas Storage - LFS,664344.370376900000000000000000,295653587,6,0.002247036395255710000000
Floating Production Tanker - TFP,114694.650000000000000000000000,30000000,1,0.003823155000000000000000
Floating Storage Tanker - TFS,1228706.021163900000000000000000,367599379.450000000000000000000000,20,0.003342513861155820000000
Fully Cellular Containership - UCC,49142771.600030600000000000000000,18237798653.488700000000000000000000,645,0.002694556099325630000000
General Cargo - GGC,10728331.475918000000000000000000,1981110752.349300000000000000000000,239,0.005415311316238020000000
General Cargo With Container Capacity - GPC,5853428.142274090000000000000000,950577263.069659000000000000000000,76,0.006157761572554200000000
Grab Dredger - DGD,42501.144686250000000000000000,3670000,2,0.011580693375000000000000
Hopper Barge - OHB,61101.402210000000000000000000,22900000,8,0.002668183502620090000000
Hopper Dredger - DHD,1648950.252172100000000000000000,397810980.283231000000000000000000,20,0.004145059673813150000000
Hospital Ship - OHS,466952.362397325000000000000000,85606263,4,0.005454651868138730000000
Hydrofoil - OHF,30108.750000000000000000000000,4000000,1,0.007527187500000000000000
Icebreaker - OIB,272228.064392655000000000000000,332212467.812822000000000000000000,7,0.000819439638087384000000
Landing Craft - OLC,298600.579221590000000000000000,47565456.539125000000000000000000,44,0.006277677141098720000000
Liquid Natural Gas Carrier - LNG,15132066.076767600000000000000000,21635423201.690000000000000000000000,190,0.000699411605481588000000
Liquid Petroleum Gas Carrier - LPG,15564126.054111400000000000000000,9500141305.563030000000000000000000,279,0.001638304689741560000000
Livestock - MLV,6536393.055900000000000000000000,727320000,35,0.008986956299703020000000
Maintenance - OMT,188714.828328000000000000000000,80291250,4,0.002350378507346690000000
Naval Auxiliary Vessel - NAX,1944.684000000000000000000000,69453,1,0.028000000000000000000000
Oceanographic Research - ROR,182524.396620000000000000000000,8530000,3,0.021397936297772600000000
Offshore Safety - OOS,438517.132644000000000000000000,95267250,15,0.004603020793021740000000
Passenger (Cruise) - MPR,43834106.492984000000000000000000,30413873235,115,0.001441253672437230000000
Passenger Ro/Ro - PRR,11886049.000584900000000000000000,7422330609.138400000000000000000000,96,0.001601390402355670000000
Passenger Vessel (Unspecified) - PZZ,58981.274772515100000000000000,6731490.115406000000000000000000,14,0.008761993817316580000000
Patrol Ship - OPA,307516.469275416000000000000000,87752016.366879000000000000000000,21,0.003504380662772830000000
Pilot Ship - OPI,781874.712141255000000000000000,718905596.800000000000000000000000,39,0.001087590242198060000000
Pipe Carrier - OPP,807736.205400000000000000000000,1059400000,4,0.000762446861808571000000
Pipe Layer - OPL,7444413.540290470000000000000000,2570028964.318910000000000000000000,23,0.002896626319642800000000
Pontoon - OPO,12393681.133802000000000000000000,2950167528.997890000000000000000000,95,0.004201009268789510000000
Product Tanker - TPD,14552779.971282100000000000000000,5978919448.724260000000000000000000,339,0.002434015058421180000000
Pusher Tug - XPT,1856318.207460000000000000000000,978730000,18,0.001896660169260160000000
Reefer - GRF,878563.671482296000000000000000,67025977.626390000000000000000000,9,0.013107808384079100000000
Repair Barge - ORX,66957.144632149700000000000000,17781296.069316000000000000000000,2,0.003765594159792050000000
Repair Ship - ORP,273556.752017566000000000000000,64855882.469232000000000000000000,6,0.004217917351557780000000
Research - RRE,5057202.265219610000000000000000,2871527461.227290000000000000000000,73,0.001761154066434790000000
Research/Buoy Ship - RRB,463.845690000000000000000000,102564,2,0.004522500000000000000000
Ro/Ro Pontoon - ORN,418444.976053870000000000000000,120125815.986218000000000000000000,2,0.003483389250000000000000
Roll On Roll Off - URR,797850.744757704000000000000000,495177415.871800000000000000000000,7,0.001611242191554760000000
Roll On Roll Off With Container Capacity - URC,1315842.400000000000000000000000,690400000,6,0.001905913093858630000000
Salvage - OSV,897834.221562000000000000000000,439209000,19,0.002044207248854190000000
Salvage Tug - XST,7895.625000000000000000000000,500000,2,0.015791250000000000000000
Sand Suction Dredger - DSS,8591.080274283020000000000000,2050349.350158000000000000000000,3,0.004190056818181250000000
Seismographic Research - RSR,3746621.920000000000000000000000,2207200000,19,0.001697454657484600000000
Semi-Sub Hl Vessel - OHL,998919.740250000000000000000000,278345000,12,0.003588782770482670000000
Semi-Sub Pontoon - OSP,1662422.732728460000000000000000,383580343,5,0.004333962266487820000000
Sludge Carrier - OSC,129616.261084547000000000000000,3460115.191485000000000000000000,3,0.037460100000000000000000
Standby Safety Vessel - OSZ,496748.020680000000000000000000,80975250,21,0.006134566064075130000000
Storage Barge - OSB,188470.498780093000000000000000,48930793.113136000000000000000000,18,0.003851776903438260000000
Submarine - OSM,112083.056972190000000000000000,45000000,3,0.002490734599382000000000
Suction Dredger - DSD,760621.236834279000000000000000,597802332.935151000000000000000000,10,0.001272362443116780000000
Supply - OSY,40007317.611327500000000000000000,16331877936.155300000000000000000000,1192,0.002449645886879910000000
Support - OSU,11652382.168434700000000000000000,3811033679.804800000000000000000000,344,0.003057538491507520000000
Tank Barge - OTB,1516834.134304000000000000000000,608022125,22,0.002494702202331860000000
Tanker (Unspecified) - TTA,3345246.116934860000000000000000,591421490.362413000000000000000000,66,0.005656280962812080000000
Tanker With Ro/Ro For Road Tankers. - TRR,17656.613915976000000000000000,12004528,1,0.001470829500000000000000
Tender - OTN,78648.504288000000000000000000,16965000,6,0.004635927161096370000000
Training - OTR,116537.336467146000000000000000,39627232.811772000000000000000000,4,0.002940839624626190000000
Trawler (All Types) - FTR,5724060.736799990000000000000000,399440699.999999000000000000000000,28,0.014330189028809500000000
Tug - XTG,16983925.819935400000000000000000,5590043624.160610000000000000000000,1938,0.003038245667087370000000
Tug/Icebreaker - XTI,68356.600000000000000000000000,26000000,2,0.002629100000000000000000
Tug/Pilot Ship - XTP,157083.479129458000000000000000,74083188.240000000000000000000000,35,0.002120366075776470000000
Tug/Supply - XTS,5796409.705837130000000000000000,1804205047.300170000000000000000000,171,0.003212722253776490000000
Tug/Support - XTX,827268.507947510000000000000000,192126086.075166000000000000000000,51,0.004305862492945680000000
Vehicle Carrier - MVE,7304943.749827760000000000000000,5223671546.648840000000000000000000,123,0.001398430909101500000000
Vessel Type (Unspecified) - ZZZ,1679669.003926820000000000000000,1071766852.703200000000000000000000,12,0.001567196260726270000000
Wood-Chip Carrier - BWC,94797.750000000000000000000000,60000000,2,0.001579962500000000000000
Work Ship - OWO,918203.956907656000000000000000,173874578.900657000000000000000000,69,0.005280840722738830000000
Yacht - OYT,14346714.795637800000000000000000,5391178618.561590000000000000000000,50,0.002661146255893420000000