Name,Mode,CDS level,Coverage,Relative path,Rater Defined?,Type,Default,Label hx,,,,,,,
project_name,Input,cds,,/policy_info/project_name,Y,str,,Project Name,,,,,,,
target_name,Input,cds,,/policy_info/target_name,Y,str,,Target Company (Name),,,,,,,
transaction_value,Input,cds,,/policy_info/transaction_value,Y,float,,Transaction Value  ,,,,,,,
total_limit,Input,cds,,/policy_info/total_limit,Y,float,,Total limit purchased  ,,,,,,,
policyholder,Input,cds,,/policy_info/policyholder,Y,str,,Policy Purchased by  ,,,,,,,
buyer_name,Input,cds,,/policy_info/buyer_name,Y,str,,Buyer (name)  ,,,,,,,
buyer_lawyer,Input,cds,,/policy_info/buyer_lawyer,Y,str,,Lawyer (buyer) ,,,,,,,
seller_name,Input,cds,,/policy_info/seller_name,Y,str,,Seller (name)  ,,,,,,,
seller_lawyer,Input,cds,,/policy_info/seller_lawyer,Y,str,,Lawyer (seller)  ,,,,,,,
uw_expenses_flag,Input,cds,,/policy_info/uw_expenses_flag,Y,bool,FALSE,Include UW Expenses,,,,,,,
uw_expenses,Input,cds,,/policy_info/uw_expenses,Y,float,,Underwriting Expenses  ,,,,,,,
distressed_business_flag,Input,cds,,/policy_info/distressed_business_flag,Y,bool,FALSE,Distressed Business  ,,,,,,,
jurisdiction,Input,cds,,/rating_factors/freq/target/jurisdiction,Y,str,,Jurisdiction  ,,,,,,,
industry,Input,cds,,/rating_factors/freq/target/industry,Y,str,,Industry,,,,,,,
business_nature,Input,cds,,/rating_factors/freq/target/business_nature,Y,str,,Nature of Business  ,,,,,,,
ihs_enforcement,Output,cds,,/rating_factors/freq/target/ihs_enforcement,Y,str,,IHS Contract Enforcement,,,,,,,
jurisdiction,Input,cds,,/rating_factors/freq/target/jurisdiction,Y,str,,Jurisdiction  ,,,,,,,
industry,Input,cds,,/rating_factors/freq/target/industry,Y,str,,Industry,,,,,,,
business_nature,Input,cds,,/rating_factors/freq/target/business_nature,Y,str,,Nature of Business  ,,,,,,,
ihs_enforcement,Output,cds,,/rating_factors/freq/target/ihs_enforcement,Y,str,,IHS Contract Enforcement,,,,,,,
default_score,Output,cds,,/rating_factors/freq/target/default_score,Y,float,,Default Score  ,,,,,,,
freq_adjustment,Input,cds,,/rating_factors/freq/target/freq_adjustment,Y,float,,Adjustment  ,,,,,,,
freq_adjusted,Output,cds,,/rating_factors/freq/target/freq_adjusted,Y,float,,Adjusted frequency  ,,,,,,,
coverage_flag,Input,cds,,/rating_factors/sev/due_diligence/coverage_flag,Y,bool,FALSE,Covered?,,,,,,,
severity_assessment,Input,cds,,/rating_factors/sev/due_diligence/severity_assessment,Y,str,,Severity assessment,,,,,,,
adjustment,Input,cds,,/rating_factors/sev/due_diligence/adjustment,Y,float,,Adjustment,,,,,,,
comment,Input,cds,,/rating_factors/sev/due_diligence/comment,Y,str,,Comment,,,,,,,
coverage_flag,Input,cds,,/rating_factors/sev/disclosure/coverage_flag,Y,bool,FALSE,Covered?,,,,,,,
severity_assessment,Input,cds,,/rating_factors/sev/disclosure/severity_assessment,Y,str,,Severity assessment,,,,,,,
adjustment,Input,cds,,/rating_factors/sev/disclosure/adjustment,Y,float,,Adjustment,,,,,,,
comment,Input,cds,,/rating_factors/sev/disclosure/comment,Y,str,,Comment,,,,,,,
coverage_flag,Input,cds,,/rating_factors/sev/general_warranties/coverage_flag,Y,bool,FALSE,Covered?,,,,,,,
severity_assessment,Input,cds,,/rating_factors/sev/general_warranties/severity_assessment,Y,str,,Severity assessment,,,,,,,
adjustment,Input,cds,,/rating_factors/sev/general_warranties/adjustment,Y,float,,Adjustment,,,,,,,
term,Input,cds,,/rating_factors/sev/general_warranties/term,Y,float,,Term (years),,,,,,,
term_modifier,Input,cds,,/rating_factors/sev/general_warranties/term_modifier,Y,float,,Term modifier,,,,,,,
comment,Input,cds,,/rating_factors/sev/general_warranties/comment,Y,str,,Comment,,,,,,,
coverage_flag,Input,cds,,/rating_factors/sev/tax_warranties/coverage_flag,Y,bool,FALSE,Covered?,,,,,,,
severity_assessment,Input,cds,,/rating_factors/sev/tax_warranties/severity_assessment,Y,str,,Severity assessment,,,,,,,
adjustment,Input,cds,,/rating_factors/sev/tax_warranties/adjustment,Y,float,,Adjustment,,,,,,,
term,Input,cds,,/rating_factors/sev/tax_warranties/term,Y,float,,Term (years),,,,,,,
term_modifier,Input,cds,,/rating_factors/sev/tax_warranties/term_modifier,Y,float,,Term modifier,,,,,,,
comment,Input,cds,,/rating_factors/sev/tax_warranties/comment,Y,str,,Comment,,,,,,,
modified_score,Output,cds,,/rating_factors/sev/modified_score,Y,float,,Modified Score,,,,,,,
div_flag,Input,cds,,/rating_factors/sev/div_flag,Y,bool,FALSE,Include DIV,,,,,,,
volatility,Input,cds,,/rating_factors/sev/volatility,Y,str,,Volatility,,,,,,,
multiple,Input,cds,,/rating_factors/sev/multiple,Y,float,,Multiple,,,,,,,
policy_type,Input,cds/layers,,/policy_type,Y,str,,Policy Type,,,,,,,
option_name,Input,cds/layers,,/option_name,Y,str,,Option name,,,,,,,
limit,Input,cds/layers,,/limit,N,float,,Limit,,,,,,,
limit_pct,Input,cds/layers,,/limit_pct,Y,float,,Limit %,,,,,,,
excess,Input,cds/layers,,/excess,N,float,,Excess,,,,,,,
excess_pct,Input,cds/layers,,/excess_pct,Y,float,,Excess %,,,,,,,
indicated,Input,cds/layers,,/indicated,Y,bool,FALSE,Indicated,,,,,,,
date,Input,cds/layers,,/date,Y,date,,Date,,,,,,,
written_line,Input,cds/layers,,/written_line,N,float,,Q/S,,,,,,,
is_bound,Input,cds/layers,,/is_bound,Y,bool,FALSE,Bound?,,,,,,,
premium,Input,cds/layers,,/premium,N,float,,Bound premium,,,,,,,
model_premium,Output,cds/layers,,/model_premium,N,float,,Model premium,,,,,,,
technical_premium,Output,cds/layers,,/technical_premium,N,float,,Technical Premium,,,,,,,
benchmark_premium,Output,cds/layers,,/benchmark_premium,N,float,,Benchmark premium,,,,,,,
bp_premium,Output,cds/layers,,/bp_premium,Y,float,,Biz plan premium (targets BP%),,,,,,,
model_rol,Output,cds/layers,,/model_rol,Y,float,,Model ROL,,,,,,,
tpi,Output,cds/layers,,/tpi,N,float,,TPI%,,,,,,,
bpi,Output,cds/layers,,/bpi,N,float,,BPI%,,,,,,,
midpt,Output,cds/layers,,/midpt,Y,float,,MIDPT,,,,,,,
warnings,Output,cds/layers,,/warnings,Y,str,,Warnings,,,,,,,
knowledge_of_insured,Input,cds,,/policy_info/rationale/knowledge_of_insured,Y,str,,Knowledge of the Insured,,,,"""project_name"": hx.Str(mode=""input"", default=None, optionality=""optional"", view={""label"": ""Project Name""}),","""knowledge_of_insured""",,
portfolio_fit,Input,cds,,/policy_info/rationale/portfolio_fit,Y,str,,Portfolio Fit & Basis of Risk Selection,,,,,,,
complex_considerations,Input,cds,,/policy_info/rationale/complex_considerations,Y,str,,Unusual Or Complex Considerations,,,,,,,
facts_affecting_decision,Input,cds,,/policy_info/rationale/facts_affecting_decision,Y,str,,Facts Affecting Decision,,,,,,,
premium_term,Input,cds,,/eso/premium_term,Y,float,,Term Premium Figure Gross,,,,,,,
exposure_limits,Input,cds,,/eso/exposure_limits,Y,float,,Exposure Limits,,,,,,,
term,Input,cds,,/eso/term,Y,str,,Term,,,,,,,
overlining,Input,cds,,/eso/overlining,Y,str,,Over Lining (Total Exposure),,,,,,,
cob,Input,cds,,/eso/cob,Y,str,,Unauthorised COB or MOP,,,,,,,
authorising_comments,Input,cds,,/eso/authorising_comments,Y,str,,Amount Authorising/Further Comments,,,,,,,
authorising_comments_info,Output,cds,,/eso/authorising_comments_info,Y,str,,,,,,,,,
section_references,Input,cds,,/eso/section_references,Y,str,,Policy Reference (if multiple),,,,"""",""": hx.Str(mode=""input"", default=None, view={""label"": ""","""}),","""section_references"": hx.Str(mode=""input"", default=None, view={""label"": ""Policy Reference (if multiple)""}),"
policy_reference_3,Input,cds,,/eso/policy_reference_3,Y,str,,Policy Reference (if multiple),,,,"""",""": hx.Str(mode=""input"", default=None, view={""label"": ""","""}),","""policy_reference_3"": hx.Str(mode=""input"", default=None, view={""label"": ""Policy Reference (if multiple)""}),"
bind_date,Input,cds,,/eso/bind_date,Y,date,,Bind Date,,,,"""",""": hx.Str(mode=""input"", default=None, view={""label"": ""","""}),","""bind_date"": hx.Str(mode=""input"", default=None, view={""label"": ""Bind Date""}),"
authoriser,Input,cds,,/eso/authoriser,Y,str,,Authoriser Name,,,,"""",""": hx.Str(mode=""input"", default=None, view={""label"": ""","""}),","""authoriser"": hx.Str(mode=""input"", default=None, view={""label"": ""Authoriser Name""}),"
authoriser_authority,Input,cds,,/eso/authoriser_authority,Y,float,,Authoriser's Authority Limit,,,,"""",""": hx.Str(mode=""input"", default=None, view={""label"": ""","""}),","""authoriser_authority"": hx.Str(mode=""input"", default=None, view={""label"": ""Authoriser's Authority Limit""}),"
authorisation_date,Input,cds,,/eso/authorisation_date,Y,str,,Date of Authorisation,,,,,,,
eso_info,Output,cds,,/eso/info,Y,str,,,,,,,,,
