Industry,Occupancy,Key,LiveIndicator,Buildings,MB,Contents,BI,BaseTIV,BaseConstruction,BaseSprinkler,BasePCCode,ATC Occupancy Group,ATC Code,Wildfire Load,Waiting Period Base (Days) - NACP,Waiting Period Base (Days) - OM,EB Code,Bpro risk class,OccupancyDescription
,,,,0,0,0,0,4250000,1,No,0,,0,0,0,0,,,Placeholder - Description to follow
Agriculture/Farming,Beef Cattle Ranching and Farming,Agriculture/FarmingBeef Cattle Ranching and Farming,Old,0.000805718,0.000805718,0.000805718,0.001007147,5000000,2,No,0,Agriculture,20,0.25,3,2,D,ERR,Placeholder - Description to follow
Agriculture/Farming,Broilers and Other Meat Type Chicken Production,Agriculture/FarmingBroilers and Other Meat Type Chicken Production,Old,0.000805718,0.000805718,0.000805718,0.001007147,5000000,2,No,0,Agriculture,20,0.25,3,2,C,Medium,Placeholder - Description to follow
Agriculture/Farming,Chicken Egg Production,Agriculture/FarmingChicken Egg Production,Live,0.002764191,0.002764191,0.002764191,0.003455239,5000000,2,No,0,Agriculture,20,0.25,3,2,C,Medium,Placeholder - Description to follow
Agriculture/Farming,Cotton Farming,Agriculture/FarmingCotton Farming,Live,0.000805718,0.000805718,0.000805718,0.001007147,5000000,2,No,0,Agriculture,20,0.25,3,2,C,Medium,Placeholder - Description to follow
Agriculture/Farming,Cotton Ginning,Agriculture/FarmingCotton Ginning,Live,0.002764191,0.002764191,0.002764191,0.003455239,5000000,2,No,0,Agriculture,20,1,3,2,D,Surch Fire,Placeholder - Description to follow
Agriculture/Farming,Crop Farming,Agriculture/FarmingCrop Farming,Live,0.000604288,0.000604288,0.000604288,0.00075536,5000000,2,No,0,Agriculture,20,1,3,2,C,Medium,Placeholder - Description to follow
Agriculture/Farming,Dairy Cattle and Milk Production,Agriculture/FarmingDairy Cattle and Milk Production,Live,0.000805718,0.000805718,0.000805718,0.001007147,5000000,2,No,0,Agriculture,20,0.25,3,2,C,Medium-High,Placeholder - Description to follow
Agriculture/Farming,Farming,Agriculture/FarmingFarming,Old,0.000805718,0.000805718,0.000805718,0.001007147,5000000,2,No,0,Agriculture,20,1,3,2,C,Medium,Placeholder - Description to follow
Agriculture/Farming,Fish Hatchery,Agriculture/FarmingFish Hatchery,Live,0.000604288,0.000604288,0.000604288,0.00075536,5000000,2,No,0,Agriculture,20,0.25,3,2,A,Medium,Placeholder - Description to follow
Agriculture/Farming,Grain Silos,Agriculture/FarmingGrain Silos,Live,0.002764191,0.002764191,0.002764191,0.003455239,5000000,2,No,0,Agriculture,20,0.25,3,2,C,Medium-High,Placeholder - Description to follow
Agriculture/Farming,Greenhouses,Agriculture/FarmingGreenhouses,Live,0.002359602,0.002359602,0.002359602,0.002949503,2000000,2,No,0,Agriculture,20,1,3,2,C,Medium,Placeholder - Description to follow
Agriculture/Farming,Hog and Pig Farming,Agriculture/FarmingHog and Pig Farming,Old,0.000805718,0.000805718,0.000805718,0.001007147,5000000,2,No,0,Agriculture,20,0.25,3,2,D,Medium,Placeholder - Description to follow
Agriculture/Farming,Livestock Farming,Agriculture/FarmingLivestock Farming,Live,0.000805718,0.000805718,0.000805718,0.001007147,5000000,2,No,0,Agriculture,20,0.25,3,2,D,Medium,Placeholder - Description to follow
Agriculture/Farming,Peat Processing,Agriculture/FarmingPeat Processing,Live,0.002764191,0.002764191,0.002764191,0.003455239,5000000,2,No,0,Agriculture,20,1,3,2,B,Unknown,Placeholder - Description to follow
Agriculture/Farming,Poultry Hatcheries,Agriculture/FarmingPoultry Hatcheries,Live,0.002517868,0.002517868,0.002517868,0.003147335,5000000,2,No,0,Agriculture,20,0.25,3,2,D,Medium,Placeholder - Description to follow
Agriculture/Farming,Poultry Production,Agriculture/FarmingPoultry Production,Live,0.002014295,0.002014295,0.002014295,0.002517868,5000000,2,No,0,Agriculture,20,0.25,3,2,D,Medium,Placeholder - Description to follow
Agriculture/Farming,Support Activities For Animal Production,Agriculture/FarmingSupport Activities For Animal Production,Live,0.001007147,0.001007147,0.001007147,0.001258934,5000000,2,No,0,Agriculture,20,0.25,3,2,D,Medium,Placeholder - Description to follow
Agriculture/Farming,Tobacco Farming,Agriculture/FarmingTobacco Farming,Live,0.000805718,0.000805718,0.000805718,0.001007147,5000000,2,No,0,Agriculture,20,0.25,3,2,C,Medium,Placeholder - Description to follow
Agriculture/Farming,Veterinary Services,Agriculture/FarmingVeterinary Services,Live,0.000402859,0.000402859,0.000402859,0.000503574,5000000,2,No,0,Health Care Service,9,0.25,3,2,C,Medium-High,Placeholder - Description to follow
Communications,"Data Processing, Hosting, Cloud","CommunicationsData Processing, Hosting, Cloud",Live,0.00018632,0.00018632,0.00018632,0.0002329,50000000,6,Yes,0,Telephone & Telegraph,34,-0.25,3,2,C,Unknown,Placeholder - Description to follow
Communications,Telecoms - Aerial and Transmission,CommunicationsTelecoms - Aerial and Transmission,Old,0.00018632,0.00018632,0.00018632,0.0002329,5000000,4,Yes,0,High Technology,17,-0.25,3,2,D,Surch Fire,Placeholder - Description to follow
Communications,Telecoms - Cable,CommunicationsTelecoms - Cable,Old,0.00027948,0.00027948,0.00027948,0.00034935,20000000,4,Yes,0,Telephone & Telegraph,34,-0.25,3,2,C,Unknown,Placeholder - Description to follow
Communications,Telecoms - Cable - Above,CommunicationsTelecoms - Cable - Above,Live,0.00027948,0.00027948,0.00027948,0.00034935,20000000,4,Yes,0,Telephone & Telegraph,34,-0.25,3,2,C,Unknown,Placeholder - Description to follow
Communications,Telecoms - Cable - Below,CommunicationsTelecoms - Cable - Below,Live,0.00018632,0.00018632,0.00018632,0.0002329,20000000,4,Yes,0,Telephone & Telegraph,34,-0.25,3,2,C,Unknown,Placeholder - Description to follow
Communications,Telecoms - Cable - Sub-Sea,CommunicationsTelecoms - Cable - Sub-Sea,Live,0.00018632,0.00018632,0.00018632,0.0002329,20000000,4,Yes,0,Telephone & Telegraph,34,-0.25,3,2,C,Unknown,Placeholder - Description to follow
Communications,Telecoms - Mobile,CommunicationsTelecoms - Mobile,Old,0.00027948,0.00027948,0.00027948,0.00034935,20000000,3,Yes,0,Telephone & Telegraph,34,-0.25,3,2,C,Unknown,Placeholder - Description to follow
Communications,Telecoms - Transmission Towers,CommunicationsTelecoms - Transmission Towers,Live,0.00018632,0.00018632,0.00018632,0.0002329,5000000,4,Yes,0,High Technology,17,-0.25,3,2,D,Surch Fire,Placeholder - Description to follow
Communications,Tv and Radio Stations,CommunicationsTv and Radio Stations,Live,0.00027948,0.00027948,0.00027948,0.00034935,20000000,3,Yes,0,Communication (Radio and TV),35,-0.25,3,2,C,Surch Fire,Placeholder - Description to follow
Education,Miscellaneous Schools,EducationMiscellaneous Schools,Old,0.000298083,0.000298083,0.000298083,0.000372603,25000000,4,No,0,Education,25,-0.25,3,2,A,Medium,Placeholder - Description to follow
Education,Schools,EducationSchools,Live,0.000298083,0.000298083,0.000298083,0.000372603,25000000,4,No,0,Education,25,-0.25,3,2,A,Medium,Placeholder - Description to follow
Education,Technical and Trade Schools,EducationTechnical and Trade Schools,Live,0.000433151,0.000433151,0.000433151,0.000541439,15000000,4,No,0,Education,25,-0.25,3,2,A,Medium,Placeholder - Description to follow
Education,Universities and Colleges,EducationUniversities and Colleges,Live,0.000251507,0.000251507,0.000251507,0.000314384,30000000,4,No,0,Universities and Colleges,54,-0.25,3,2,D,Unknown,Placeholder - Description to follow
Food,Bakeries - Commercial,FoodBakeries - Commercial,Live,0.000470252,0.000470252,0.000470252,0.000587815,25000000,4,Partial,0,Food and Drugs Processing Food manufacturing,14,0,3,2,C,Medium-High,Placeholder - Description to follow
Food,Beef and Pork Processing,FoodBeef and Pork Processing,Live,0.001881009,0.001881009,0.001881009,0.002351261,25000000,4,Partial,0,Food and Drugs Processing Food manufacturing,14,0,3,2,C,Medium,Placeholder - Description to follow
Food,Bottling,FoodBottling,Live,0.000282151,0.000282151,0.000282151,0.000352689,25000000,4,Partial,0,Food and Drugs Processing Food manufacturing,14,0,3,2,C,Medium,Placeholder - Description to follow
Food,Breweries,FoodBreweries,Live,0.000282151,0.000470252,0.000282151,0.000352689,25000000,4,Partial,0,Food and Drugs Processing Food manufacturing,14,0,3,2,C,Medium,Placeholder - Description to follow
Food,Candy Manufacturing,FoodCandy Manufacturing,Live,0.000564303,0.000564303,0.000564303,0.000705378,25000000,4,Partial,0,Food and Drugs Processing Food manufacturing,14,0,3,2,C,Medium-High,Placeholder - Description to follow
Food,Cannery - Fruits and Vegetables,FoodCannery - Fruits and Vegetables,Live,0.000282151,0.000282151,0.000282151,0.000352689,25000000,4,Partial,0,Food and Drugs Processing Food manufacturing,14,0,3,2,B,Unknown,Placeholder - Description to follow
Food,Cheese Manufacturing,FoodCheese Manufacturing,Live,0.000470252,0.000940505,0.000470252,0.000587815,25000000,4,Partial,0,Food and Drugs Processing Food manufacturing,14,0,3,2,C,Medium-High,Placeholder - Description to follow
Food,Chocolate Manufacturing,FoodChocolate Manufacturing,Live,0.000376202,0.000376202,0.000376202,0.000470252,25000000,4,Partial,0,Food and Drugs Processing Food manufacturing,14,0,3,2,C,Medium-High,Placeholder - Description to follow
Food,Coffee and Tea Roasting,FoodCoffee and Tea Roasting,Live,0.000940505,0.000940505,0.000940505,0.001175631,25000000,4,Partial,0,Food and Drugs Processing Food manufacturing,14,0,3,2,C,Medium,Placeholder - Description to follow
Food,Distilleries,FoodDistilleries,Live,0.000705378,0.000940505,0.000705378,0.000881723,25000000,4,Partial,0,Food and Drugs Processing Food manufacturing,14,0,3,2,C,Medium,Placeholder - Description to follow
Food,Fats and Oils Refining and Blending,FoodFats and Oils Refining and Blending,Live,0.000705378,0.000705378,0.000705378,0.000881723,25000000,4,Partial,0,Food and Drugs Processing Food manufacturing,14,0,3,2,C,Surch Fire,Placeholder - Description to follow
Food,Flour Mill,FoodFlour Mill,Live,0.000705378,0.000705378,0.000705378,0.000881723,25000000,4,Partial,0,Food and Drugs Processing Food manufacturing,14,0,3,2,D,Medium,Placeholder - Description to follow
Food,Food Dehydration Manufacturing,FoodFood Dehydration Manufacturing,Live,0.000705378,0.000705378,0.000705378,0.000881723,25000000,4,Partial,0,Food and Drugs Processing Food manufacturing,14,0,3,2,B,Unknown,Placeholder - Description to follow
Food,Food Manufacturing,FoodFood Manufacturing,Old,0.000752404,0.000752404,0.000752404,0.000940505,25000000,4,Partial,0,Food and Drugs Processing Food manufacturing,14,0,3,2,C,Medium,Placeholder - Description to follow
Food,Fruit and Vegetable Manufacturing - Frozen,FoodFruit and Vegetable Manufacturing - Frozen,Live,0.000376202,0.000376202,0.000376202,0.000470252,25000000,4,Partial,0,Food and Drugs Processing Food manufacturing,14,0,3,2,C,Medium-High,Placeholder - Description to follow
Food,Ice Cream and Frozen Desserts,FoodIce Cream and Frozen Desserts,Live,0.000376202,0.000376202,0.000376202,0.000470252,25000000,4,Partial,0,Food and Drugs Processing Food manufacturing,14,0,3,2,C,Medium-High,Placeholder - Description to follow
Food,Ice Plant,FoodIce Plant,Live,0.000376202,0.000376202,0.000376202,0.000470252,25000000,4,Partial,0,Food and Drugs Processing Food manufacturing,14,0,3,2,C,Medium,Placeholder - Description to follow
Food,Milk Manufacturing,FoodMilk Manufacturing,Live,0.000470252,0.000940505,0.000470252,0.000587815,25000000,4,Partial,0,Food and Drugs Processing Food manufacturing,14,0,3,2,C,Medium-High,Placeholder - Description to follow
Food,Milk Manufacturing - Dry and Evaporated,FoodMilk Manufacturing - Dry and Evaporated,Live,0.000705378,0.001881009,0.000705378,0.000881723,25000000,4,Partial,0,Food and Drugs Processing Food manufacturing,14,0,3,2,C,Medium-High,Placeholder - Description to follow
Food,Nut Roasting - Including Peanut Butter,FoodNut Roasting - Including Peanut Butter,Live,0.000940505,0.000940505,0.000940505,0.001175631,25000000,4,Partial,0,Food and Drugs Processing Food manufacturing,14,0,3,2,C,Surch Fire,Placeholder - Description to follow
Food,Oilseed Processing,FoodOilseed Processing,Live,0.001316706,0.001316706,0.001316706,0.001645883,25000000,4,Partial,0,Food and Drugs Processing Food manufacturing,14,0,3,2,D,Medium,Placeholder - Description to follow
Food,Pet Food - Dry,FoodPet Food - Dry,Live,0.000705378,0.000705378,0.000705378,0.000881723,25000000,4,Partial,0,Food and Drugs Processing Food manufacturing,14,0,3,2,C,Medium,Placeholder - Description to follow
Food,Pet Food - Wet,FoodPet Food - Wet,Live,0.000376202,0.000376202,0.000376202,0.000470252,25000000,4,Partial,0,Food and Drugs Processing Food manufacturing,14,0,3,2,C,Medium,Placeholder - Description to follow
Food,Poultry Processing,FoodPoultry Processing,Live,0.001881009,0.001881009,0.001881009,0.002351261,25000000,4,Partial,0,Food and Drugs Processing Food manufacturing,14,0,3,2,C,Medium,Placeholder - Description to follow
Food,Processed Food Manufacturing - Frozen,FoodProcessed Food Manufacturing - Frozen,Live,0.000940505,0.000940505,0.000940505,0.001175631,25000000,4,Partial,0,Food and Drugs Processing Food manufacturing,14,0,3,2,C,Medium,Placeholder - Description to follow
Food,Processed Food Manufacturing - Non-Frozen,FoodProcessed Food Manufacturing - Non-Frozen,Live,0.000940505,0.000940505,0.000940505,0.001175631,25000000,4,Partial,0,Food and Drugs Processing Food manufacturing,14,0,3,2,C,Medium,Placeholder - Description to follow
Food,Rendering Plant,FoodRendering Plant,Live,0.002821514,0.002821514,0.002821514,0.003526892,25000000,4,Partial,0,Food and Drugs Processing Food manufacturing,14,0,3,2,C,Surch Fire,Placeholder - Description to follow
Food,Rice Mill,FoodRice Mill,Live,0.000705378,0.000705378,0.000705378,0.000881723,25000000,4,Partial,0,Food and Drugs Processing Food manufacturing,14,0,3,2,D,Surch Fire,Placeholder - Description to follow
Food,Seafood Canning,FoodSeafood Canning,Live,0.000376202,0.000376202,0.000376202,0.000470252,25000000,4,Partial,0,Food and Drugs Processing Food manufacturing,14,0,3,2,C,Surch Fire,Placeholder - Description to follow
Food,Seafood Processing - Fresh and Frozen,FoodSeafood Processing - Fresh and Frozen,Live,0.000752404,0.000752404,0.000752404,0.000940505,25000000,4,Partial,0,Food and Drugs Processing Food manufacturing,14,0,3,2,C,Surch Fire,Placeholder - Description to follow
Food,Slaughterhouse - Not Poultry,FoodSlaughterhouse - Not Poultry,Live,0.002821514,0.002821514,0.002821514,0.003526892,25000000,4,Partial,0,Food and Drugs Processing Food manufacturing,14,0,3,2,D,Surch Fire,Placeholder - Description to follow
Food,Slaughterhouse - Poultry,FoodSlaughterhouse - Poultry,Live,0.002351261,0.002351261,0.002351261,0.002939077,25000000,4,Partial,0,Food and Drugs Processing Food manufacturing,14,0,3,2,C,Medium,Placeholder - Description to follow
Food,Soybean Processing,FoodSoybean Processing,Live,0.001316706,0.001316706,0.001316706,0.001645883,25000000,4,Partial,0,Food and Drugs Processing Food manufacturing,14,0,3,2,D,Medium,Placeholder - Description to follow
Food,Sugar Mill,FoodSugar Mill,Live,0.000470252,0.000940505,0.000470252,0.000587815,25000000,4,Partial,0,Food and Drugs Processing Food manufacturing,14,0,3,2,D,Surch Fire,Placeholder - Description to follow
Food,Sugar Refining,FoodSugar Refining,Live,0.000705378,0.001881009,0.000705378,0.000881723,25000000,4,Partial,0,Food and Drugs Processing Food manufacturing,14,0,3,2,C,Medium,Placeholder - Description to follow
Food,Wineries,FoodWineries,Live,0.000282151,0.000470252,0.000282151,0.000352689,25000000,4,Partial,0,Food and Drugs Processing Food manufacturing,14,1,3,2,C,Medium,Placeholder - Description to follow
Govermental/Municipal,Correctional Institutions and Prisons,Govermental/MunicipalCorrectional Institutions and Prisons,Live,0.000223093,0.000223093,0.000223093,0.000278867,25000000,4,Yes,0,General Services,23,-0.25,3,2,D,Surch Fire,Placeholder - Description to follow
Govermental/Municipal,Courts,Govermental/MunicipalCourts,Live,0.000148729,0.000148729,0.000148729,0.000185911,25000000,4,Yes,0,General Services,23,-0.25,3,2,A,Medium,Placeholder - Description to follow
Govermental/Municipal,Emergency Response Services,Govermental/MunicipalEmergency Response Services,Live,0.000176977,0.000176977,0.000176977,0.000221222,5000000,4,Yes,0,General Services,23,-0.25,3,2,A,Medium,Placeholder - Description to follow
Govermental/Municipal,Governmental Office & Administration,Govermental/MunicipalGovernmental Office & Administration,Live,0.000148729,0.000148729,0.000148729,0.000185911,25000000,4,Yes,0,General Services,23,-0.25,3,2,A,Low,Placeholder - Description to follow
Govermental/Municipal,Governmental Services - Other,Govermental/MunicipalGovernmental Services - Other,Old,0.000148729,0.000148729,0.000148729,0.000185911,25000000,4,Yes,0,General Services,23,-0.25,3,2,A,Low,Placeholder - Description to follow
Govermental/Municipal,Library,Govermental/MunicipalLibrary,Live,0.000280575,0.000280575,0.000280575,0.000350719,6000000,4,Yes,0,Education,25,-0.25,3,2,A,Medium,Placeholder - Description to follow
Govermental/Municipal,Municipal Stadiums,Govermental/MunicipalMunicipal Stadiums,Live,0.000148729,0.000148729,0.000148729,0.000185911,5000000,4,Yes,0,General Services,23,-0.25,3,2,A,Medium,Placeholder - Description to follow
Govermental/Municipal,Municipal/County/State Authority,Govermental/MunicipalMunicipal/County/State Authority,Old,0.000148729,0.000148729,0.000148729,0.000185911,25000000,4,Yes,0,General Services,23,-0.25,3,2,A,Medium,Placeholder - Description to follow
Govermental/Municipal,Public Institutions,Govermental/MunicipalPublic Institutions,Old,0.000148729,0.000148729,0.000148729,0.000185911,25000000,4,Yes,0,General Services,23,-0.25,3,2,A,Medium,Placeholder - Description to follow
Habitational,Apartments,HabitationalApartments,Old,0.000752082,0.000752082,0.000752082,0.000940103,15000000,2,Yes,0,Permanent Dwelling (multi family housing),2,-0.25,3,2,B,Unknown,Placeholder - Description to follow
Habitational,Condominiums,HabitationalCondominiums,Old,0.000501388,0.000501388,0.000501388,0.000626735,15000000,2,Yes,0,Permanent Dwelling (multi family housing),2,-0.25,3,2,A,Medium,Placeholder - Description to follow
Habitational,Fraternity or Sorority House,HabitationalFraternity or Sorority House,Live,0.00207109,0.00207109,0.00207109,0.002588863,20000000,1,No,0,Multi Family Units,2,-0.25,3,2,D,Medium-High,Placeholder - Description to follow
Habitational,High Rise Apartments - 10+ stories,HabitationalHigh Rise Apartments - 10+ stories,Live,0.000246805,0.000246805,0.000246805,0.000308506,25000000,4,Yes,0,Permanent Dwelling (multi family housing),2,-0.25,3,2,B,Unknown,Placeholder - Description to follow
Habitational,High Rise Condos - 10+ stories,HabitationalHigh Rise Condos - 10+ stories,Live,0.000164536,0.000164536,0.000164536,0.000205671,25000000,4,Yes,0,Permanent Dwelling (multi family housing),2,-0.25,3,2,A,Medium,Placeholder - Description to follow
Habitational,High Rise Student Housing - 10+ stories,HabitationalHigh Rise Student Housing - 10+ stories,Live,0.000230351,0.000230351,0.000230351,0.000287939,25000000,4,Yes,0,Multi Family Units,2,-0.25,3,2,D,Medium-High,Placeholder - Description to follow
Habitational,Inns/Bed and Breakfasts,HabitationalInns/Bed and Breakfasts,Old,0.002074577,0.002074577,0.002074577,0.002593221,5000000,1,No,0,Temporary Lodging,3,-0.25,3,2,A,Medium-High,Placeholder - Description to follow
Habitational,Low Rise Apartments - <5 stories,HabitationalLow Rise Apartments - <5 stories,Live,0.003111866,0.003111866,0.003111866,0.003889833,5000000,1,No,0,Permanent Dwelling (multi family housing),2,-0.25,3,2,B,Unknown,Placeholder - Description to follow
Habitational,Low Rise Condos - <5 stories,HabitationalLow Rise Condos - <5 stories,Live,0.00184097,0.00184097,0.00184097,0.002301212,15000000,1,No,0,Permanent Dwelling (multi family housing),2,-0.25,3,2,A,Medium,Placeholder - Description to follow
Habitational,Low Rise Student Housing - <5 stories,HabitationalLow Rise Student Housing - <5 stories,Live,0.001495788,0.001495788,0.001495788,0.001869735,20000000,1,Yes,0,Multi Family Units,2,-0.25,3,2,D,Medium-High,Placeholder - Description to follow
Habitational,Mid Rise Apartments - 5-9 stories,HabitationalMid Rise Apartments - 5-9 stories,Live,0.000752082,0.000752082,0.000752082,0.000940103,15000000,2,Yes,0,Permanent Dwelling (multi family housing),2,-0.25,3,2,B,Unknown,Placeholder - Description to follow
Habitational,Mid Rise Condos - 5-9 stories,HabitationalMid Rise Condos - 5-9 stories,Live,0.000501388,0.000501388,0.000501388,0.000626735,15000000,2,Yes,0,Permanent Dwelling (multi family housing),2,-0.25,3,2,A,Medium,Placeholder - Description to follow
Habitational,Mid Rise Student Housing - 5-9 stories,HabitationalMid Rise Student Housing - 5-9 stories,Live,0.000626735,0.000626735,0.000626735,0.000783419,15000000,2,Yes,0,Multi Family Units,2,-0.25,3,2,D,Medium-High,Placeholder - Description to follow
Habitational,Military Housing,HabitationalMilitary Housing,Live,0.00184097,0.00184097,0.00184097,0.002301212,15000000,1,No,0,Permanent Dwelling (single family housing),1,-0.25,3,2,B,Unknown,Placeholder - Description to follow
Habitational,Single Family Dwellings,HabitationalSingle Family Dwellings,Live,0.002301212,0.002301212,0.002301212,0.002876515,15000000,1,No,0,Permanent Dwelling (single family housing),1,-0.25,3,2,A,Surch Fire,Placeholder - Description to follow
Habitational,Student Housing,HabitationalStudent Housing,Old,0.000626735,0.000626735,0.000626735,0.000783419,15000000,2,Yes,0,Multi Family Units,2,-0.25,3,2,D,Medium-High,Placeholder - Description to follow
Habitational,Vacant,HabitationalVacant,Old,0.000752082,0.000752082,0.000752082,0.000940103,15000000,2,Yes,0,General Commercial,37,-0.25,3,2,A,Surch Fire,Placeholder - Description to follow
Health Services,Assisted Living,Health ServicesAssisted Living,Live,0.000923165,0.000923165,0.000923165,0.001153956,5000000,2,Yes,0,Group Institutional Housing,4,-0.25,3,2,A,Medium-High,Placeholder - Description to follow
Health Services,Day Care,Health ServicesDay Care,Live,0.000369266,0.000369266,0.000369266,0.000461583,5000000,4,Yes,0,Health Care Service,9,-0.25,3,2,A,Medium,Placeholder - Description to follow
Health Services,Health Care Service,Health ServicesHealth Care Service,Old,0.000184633,0.000184633,0.000184633,0.000230791,2000000,4,Yes,0,Health Care Service,9,-0.25,3,2,C,Low,Placeholder - Description to follow
Health Services,Home Health Care Service,Health ServicesHome Health Care Service,Live,0.000184633,0.000184633,0.000184633,0.000230791,2000000,4,Yes,0,Health Care Service,9,-0.25,3,2,C,Low,Placeholder - Description to follow
Health Services,Hospital,Health ServicesHospital,Live,0.000184633,0.000184633,0.000184633,0.000230791,25000000,4,Yes,0,Health Care Service,9,-0.25,3,2,C,Low,Placeholder - Description to follow
Health Services,Laboratories,Health ServicesLaboratories,Live,0.00027695,0.00027695,0.00027695,0.000346187,5000000,4,Yes,0,Health Care Service,9,-0.25,3,2,B,Unknown,Placeholder - Description to follow
Health Services,Medical Office,Health ServicesMedical Office,Live,0.000184633,0.000184633,0.000184633,0.000230791,5000000,4,Yes,0,Health Care Service,9,-0.25,3,2,B,Unknown,Placeholder - Description to follow
Health Services,Nursing Home,Health ServicesNursing Home,Live,0.000461583,0.000461583,0.000461583,0.000576978,5000000,4,Yes,0,Group Institutional Housing,4,-0.25,3,2,A,Medium-High,Placeholder - Description to follow
Health Services,Outpatient Care Centers,Health ServicesOutpatient Care Centers,Live,0.00027695,0.00027695,0.00027695,0.000346187,10000000,4,Yes,0,Health Care Service,9,-0.25,3,2,B,Unknown,Placeholder - Description to follow
Health Services,Rehabilitation Facility,Health ServicesRehabilitation Facility,Live,0.000184633,0.000184633,0.000184633,0.000230791,5000000,4,Yes,0,Group Institutional Housing,4,-0.25,3,2,A,Medium-High,Placeholder - Description to follow
Health Services,Residential Care,Health ServicesResidential Care,Live,0.000553899,0.000553899,0.000553899,0.000692374,5000000,2,Yes,0,Group Institutional Housing,4,-0.25,3,2,A,Medium-High,Placeholder - Description to follow
Health Services,Vacant,Health ServicesVacant,Old,0.00027695,0.00027695,0.00027695,0.000346187,10000000,4,Yes,0,General Commercial,37,-0.25,3,2,A,Surch Fire,Placeholder - Description to follow
Heavy Industry,Alkalies and Chlorine Manufacturing,Heavy IndustryAlkalies and Chlorine Manufacturing,Live,0.000533966,0.000667457,0.000533966,0.000667457,60000000,4,Yes,0,Chemicals Processing,15,0.25,3,30,D,Surch Fire,Placeholder - Description to follow
Heavy Industry,Aluminium Rolling (Cold),Heavy IndustryAluminium Rolling (Cold),Live,0.000500593,0.001001185,0.000500593,0.000625741,100000000,4,Yes,0,Heavy Fabrication and Assembly,12,-0.25,3,30,D,Medium,Placeholder - Description to follow
Heavy Industry,Aluminium Smelting,Heavy IndustryAluminium Smelting,Live,0.001001185,0.002002371,0.001001185,0.001251482,100000000,4,Yes,0,Heavy Fabrication and Assembly,12,-0.25,3,30,D,Medium,Placeholder - Description to follow
Heavy Industry,Aluminum Die-Casting Foundries,Heavy IndustryAluminum Die-Casting Foundries,Old,0.001001185,0.001001185,0.001001185,0.001251482,100000000,4,Yes,0,Heavy Fabrication and Assembly,12,-0.25,3,30,D,Medium,Placeholder - Description to follow
Heavy Industry,Aluminum Foundries (Except Die-Casting),Heavy IndustryAluminum Foundries (Except Die-Casting),Live,0.001001185,0.002002371,0.001001185,0.001251482,100000000,4,Yes,0,Heavy Fabrication and Assembly,12,-0.25,3,30,D,Medium,Placeholder - Description to follow
Heavy Industry,"Aluminum Sheet, Plate, and Foil Manufacturing","Heavy IndustryAluminum Sheet, Plate, and Foil Manufacturing",Live,0.000500593,0.001001185,0.000500593,0.000625741,100000000,4,Yes,0,Heavy Fabrication and Assembly,12,-0.25,3,30,D,Medium,Placeholder - Description to follow
Heavy Industry,Ammunition (Except Small Arms) Manufacturing,Heavy IndustryAmmunition (Except Small Arms) Manufacturing,Live,0.000834321,0.000834321,0.000834321,0.001042902,100000000,4,Yes,0,Heavy Fabrication and Assembly,12,-0.25,3,30,C,Surch Fire,Placeholder - Description to follow
Heavy Industry,Battery Manufacturing,Heavy IndustryBattery Manufacturing,Old,0.001251044,0.001251044,0.001251044,0.001563804,280000000,5,Yes,0,Heavy Fabrication and Assembly,12,-0.25,3,30,B,Medium-High,Placeholder - Description to follow
Heavy Industry,Battery Manufacturing (excluding Lithium),Heavy IndustryBattery Manufacturing (excluding Lithium),Live,0.000955724,0.000955724,0.000955724,0.001194656,280000000,5,Yes,0,Heavy Fabrication and Assembly,12,-0.25,3,30,B,Medium-High,Placeholder - Description to follow
Heavy Industry,Battery Manufacturing (Lithium),Heavy IndustryBattery Manufacturing (Lithium),Live,0.001251044,0.001251044,0.001251044,0.001563804,280000000,5,Yes,0,Heavy Fabrication and Assembly,12,-0.25,3,30,B,Medium-High,Placeholder - Description to follow
Heavy Industry,"Bolt, Nut, Screw, Rivet, and Washer Manufacturing","Heavy IndustryBolt, Nut, Screw, Rivet, and Washer Manufacturing",Live,0.000266982,0.000266982,0.000266982,0.000333729,100000000,4,Yes,0,Heavy Fabrication and Assembly,12,-0.25,3,30,C,Medium-High,Placeholder - Description to follow
Heavy Industry,Brick and Structural Clay Tile Manufacturing,Heavy IndustryBrick and Structural Clay Tile Manufacturing,Live,0.000561565,0.000701956,0.000561565,0.000701956,50000000,3,Yes,0,Heavy Fabrication and Assembly,12,-0.25,3,30,C,Medium,Placeholder - Description to follow
Heavy Industry,Cement Manufacturing,Heavy IndustryCement Manufacturing,Live,0.000318575,0.000955724,0.000318582,0.000397982,50000000,5,Yes,0,Heavy Fabrication and Assembly,12,0.25,3,30,D,Unknown,Placeholder - Description to follow
Heavy Industry,Chemicals Miscellaneous Manufacturing,Heavy IndustryChemicals Miscellaneous Manufacturing,Old,0.002135862,0.002135862,0.002135862,0.002669828,60000000,4,Yes,0,Chemicals Processing,15,0.25,3,30,D,Surch Fire,Placeholder - Description to follow
Heavy Industry,Clay Refractory Manufacturing,Heavy IndustryClay Refractory Manufacturing,Live,0.000561565,0.000701956,0.000561565,0.000701956,50000000,3,Yes,0,Heavy Fabrication and Assembly,12,0.25,3,30,C,Medium,Placeholder - Description to follow
Heavy Industry,Concrete Products,Heavy IndustryConcrete Products,Live,0.000350978,0.001052934,0.000350978,0.000438723,50000000,3,Yes,0,Heavy Fabrication and Assembly,12,0.25,3,30,D,Unknown,Placeholder - Description to follow
Heavy Industry,Copper Smelting and Refining,Heavy IndustryCopper Smelting and Refining,Live,0.001001185,0.002002371,0.001001185,0.001251482,100000000,4,Yes,0,Heavy Fabrication and Assembly,12,0.25,3,30,C,Medium,Placeholder - Description to follow
Heavy Industry,"Electroplating, Plating, Polishing, Anodizing and Coloring","Heavy IndustryElectroplating, Plating, Polishing, Anodizing and Coloring",Live,0.000500593,0.001001185,0.000500593,0.000625741,100000000,4,Yes,0,Heavy Fabrication and Assembly,12,0.25,3,30,C,Medium-High,Placeholder - Description to follow
Heavy Industry,Engineered Wood Manufacturing,Heavy IndustryEngineered Wood Manufacturing,Old,0.00116805,0.00116805,0.00116805,0.001460063,100000000,4,Yes,0,Heavy Fabrication and Assembly,12,0.25,3,30,D,Surch Fire,Placeholder - Description to follow
Heavy Industry,Explosives Manufacturing,Heavy IndustryExplosives Manufacturing,Live,0.000834321,0.000834321,0.000834321,0.001042902,100000000,4,Yes,0,Heavy Fabrication and Assembly,12,0.25,3,30,C,Surch Fire,Placeholder - Description to follow
Heavy Industry,Fertilizer (Mixing Only) Manufacturing,Heavy IndustryFertilizer (Mixing Only) Manufacturing,Live,0.002807824,0.002807824,0.002807824,0.00350978,60000000,3,Yes,0,Chemicals Processing,15,0.25,3,30,D,Surch Fire,Placeholder - Description to follow
Heavy Industry,Fertilizer Manufacturing,Heavy IndustryFertilizer Manufacturing,Live,0.00350978,0.00350978,0.00350978,0.004387225,60000000,3,Yes,0,Chemicals Processing,15,0.25,3,30,D,Surch Fire,Placeholder - Description to follow
Heavy Industry,Flat Glass Manufacturing,Heavy IndustryFlat Glass Manufacturing,Live,0.000701956,0.001403912,0.000701956,0.000877445,60000000,3,Yes,0,Heavy Fabrication and Assembly,12,0.25,3,30,D,Unknown,Placeholder - Description to follow
Heavy Industry,Foam (Urethane Polystrene) Manufacturing,Heavy IndustryFoam (Urethane Polystrene) Manufacturing,Live,0.002807824,0.002807824,0.002807824,0.00350978,60000000,3,Yes,0,Chemicals Processing,15,0.25,3,30,C,Surch Fire,Placeholder - Description to follow
Heavy Industry,Folding Paperboard Box Manufacturing,Heavy IndustryFolding Paperboard Box Manufacturing,Live,0.001228423,0.001228423,0.001228423,0.001535528,20000000,3,Yes,0,Heavy Fabrication and Assembly,12,0.25,3,30,C,Medium-High,Placeholder - Description to follow
Heavy Industry,Glass Product Manufacturing - Reformed Glass,Heavy IndustryGlass Product Manufacturing - Reformed Glass,Live,0.000701956,0.001403912,0.000701956,0.000877445,30000000,3,Yes,0,Heavy Fabrication and Assembly,12,0.25,3,30,D,Unknown,Placeholder - Description to follow
Heavy Industry,Inorganic Chemical Manufacturing,Heavy IndustryInorganic Chemical Manufacturing,Live,0.002135862,0.002135862,0.002135862,0.002669828,60000000,4,Yes,0,Chemicals Processing,15,0.25,3,30,D,Surch Fire,Placeholder - Description to follow
Heavy Industry,Iron and Steel Mills (Blast Furnaces),Heavy IndustryIron and Steel Mills (Blast Furnaces),Live,0.000955724,0.002867173,0.000955724,0.001194656,100000000,6,Yes,0,Heavy Fabrication and Assembly,12,0.25,3,30,D,Medium,Placeholder - Description to follow
Heavy Industry,Iron and Steel Mills (Mini Mills/Electric Arc Furnaces),Heavy IndustryIron and Steel Mills (Mini Mills/Electric Arc Furnaces),Live,0.000500593,0.001001185,0.000500593,0.000625741,100000000,4,Yes,0,Heavy Fabrication and Assembly,12,0.25,3,30,D,Medium,Placeholder - Description to follow
Heavy Industry,Iron Foundries,Heavy IndustryIron Foundries,Live,0.000500593,0.001001185,0.000500593,0.000625741,100000000,4,Yes,0,Heavy Fabrication and Assembly,12,0.25,3,30,D,Medium,Placeholder - Description to follow
Heavy Industry,Logging,Heavy IndustryLogging,Live,0.000701956,0.000701956,0.000701956,0.000877445,15000000,3,Yes,0,Heavy Fabrication and Assembly,12,0.25,3,30,D,Unknown,Placeholder - Description to follow
Heavy Industry,Metal Heat Treating,Heavy IndustryMetal Heat Treating,Live,0.000533966,0.001001185,0.000533966,0.000667457,100000000,4,Yes,0,Heavy Fabrication and Assembly,12,0.25,3,30,D,Medium,Placeholder - Description to follow
Heavy Industry,Metal Smelting (Not Aluminium or Copper),Heavy IndustryMetal Smelting (Not Aluminium or Copper),Live,0.001001185,0.002002371,0.001001185,0.001251482,100000000,4,Yes,0,Heavy Fabrication and Assembly,12,0.25,3,30,D,Medium,Placeholder - Description to follow
Heavy Industry,Metal Stamping,Heavy IndustryMetal Stamping,Live,0.000266982,0.000400474,0.000266982,0.000333729,100000000,4,Yes,0,Heavy Fabrication and Assembly,12,0.25,3,30,D,Medium-High,Placeholder - Description to follow
Heavy Industry,Miscellaneous Waste Management,Heavy IndustryMiscellaneous Waste Management,Live,0.002524834,0.002524834,0.002524834,0.003156043,100000000,6,Partial,0,Sanitary Sewer,32,1,3,30,C,Low,Placeholder - Description to follow
Heavy Industry,Non Metal Mineral Production,Heavy IndustryNon Metal Mineral Production,Live,0.000333729,0.001001185,0.000333729,0.000417161,260000000,4,Yes,0,Heavy Fabrication and Assembly,12,0.25,3,30,C,Medium,Placeholder - Description to follow
Heavy Industry,Organic Chemical Manufacturing,Heavy IndustryOrganic Chemical Manufacturing,Live,0.001859535,0.001859535,0.001859535,0.002324419,60000000,4,Yes,0,Chemicals Processing,15,0.25,3,30,D,Surch Fire,Placeholder - Description to follow
Heavy Industry,Osb Mdf Reconstituted Wood Manufacturing,Heavy IndustryOsb Mdf Reconstituted Wood Manufacturing,Live,0.001334914,0.001334914,0.001334914,0.001668643,100000000,4,Yes,0,Heavy Fabrication and Assembly,12,0.25,3,30,C,Surch Fire,Placeholder - Description to follow
Heavy Industry,Paint and Coating Manufacturing,Heavy IndustryPaint and Coating Manufacturing,Old,0.001052934,0.001052934,0.001052934,0.001316168,60000000,3,Yes,0,Chemicals Processing,15,0.25,3,30,D,Unknown,Placeholder - Description to follow
Heavy Industry,Paint and Coating Manufacturing Oil-Based,Heavy IndustryPaint and Coating Manufacturing Oil-Based,Live,0.001052934,0.001052934,0.001052934,0.001316168,60000000,3,Yes,0,Chemicals Processing,15,0.25,3,30,D,Unknown,Placeholder - Description to follow
Heavy Industry,Paint and Coating Manufacturing Water-Based,Heavy IndustryPaint and Coating Manufacturing Water-Based,Live,0.000526467,0.000526467,0.000526467,0.000658083,60000000,3,Yes,0,Chemicals Processing,15,0.25,3,30,D,Unknown,Placeholder - Description to follow
Heavy Industry,Paper Mill,Heavy IndustryPaper Mill,Old,0.003337285,0.003337285,0.003337285,0.004171606,100000000,4,Yes,0,Heavy Fabrication and Assembly,12,1,3,30,D,Medium-High,Placeholder - Description to follow
Heavy Industry,Paper Mill - With Black L Recovery Boiler,Heavy IndustryPaper Mill - With Black L Recovery Boiler,Live,0.003337285,0.003337285,0.003337285,0.004171606,100000000,4,Yes,0,Heavy Fabrication and Assembly,12,1,3,30,D,Medium-High,Placeholder - Description to follow
Heavy Industry,Paper Mill - Without Black L Recovery Boiler,Heavy IndustryPaper Mill - Without Black L Recovery Boiler,Live,0.002105868,0.002105868,0.002105868,0.002632335,100000000,3,Yes,0,Heavy Fabrication and Assembly,12,0.25,3,30,D,Medium-High,Placeholder - Description to follow
Heavy Industry,Paperboard Cardboard Mill,Heavy IndustryPaperboard Cardboard Mill,Live,0.001428032,0.001428032,0.001428032,0.00178504,20000000,3,No,0,Heavy Fabrication and Assembly,12,0.25,3,30,D,Medium-High,Placeholder - Description to follow
Heavy Industry,Pesticide and Other Agricultural Chemical Manufacturing,Heavy IndustryPesticide and Other Agricultural Chemical Manufacturing,Live,0.002669828,0.002669828,0.002669828,0.003337285,60000000,4,Yes,0,Chemicals Processing,15,0.25,3,30,D,Surch Fire,Placeholder - Description to follow
Heavy Industry,Plastic Extruded Products Manufacturing,Heavy IndustryPlastic Extruded Products Manufacturing,Old,0.000701956,0.000701956,0.000701956,0.000877445,60000000,3,Yes,0,Chemicals Processing,15,0.25,3,30,D,Medium-High,Placeholder - Description to follow
Heavy Industry,Plastics Bottle Manufacturing,Heavy IndustryPlastics Bottle Manufacturing,Old,0.000701956,0.000701956,0.000701956,0.000877445,60000000,3,Yes,0,Chemicals Processing,15,0.25,3,30,D,Medium-High,Placeholder - Description to follow
Heavy Industry,Plastics Material and Resin Manufacturing,Heavy IndustryPlastics Material and Resin Manufacturing,Live,0.001228423,0.001228423,0.001228423,0.001535528,60000000,3,Yes,0,Chemicals Processing,15,0.25,3,30,D,Medium-High,Placeholder - Description to follow
Heavy Industry,Plastics Product Manufacturing,Heavy IndustryPlastics Product Manufacturing,Live,0.000701956,0.000701956,0.000701956,0.000877445,60000000,3,Yes,0,Chemicals Processing,15,0.25,3,30,D,Medium-High,Placeholder - Description to follow
Heavy Industry,Pulp and Paper,Heavy IndustryPulp and Paper,Old,0.003337285,0.003337285,0.003337285,0.004171606,100000000,4,Yes,0,Heavy Fabrication and Assembly,12,0.25,3,30,D,Medium-High,Placeholder - Description to follow
Heavy Industry,Railroad Rolling Stock Manufacturing,Heavy IndustryRailroad Rolling Stock Manufacturing,Live,0.00025486,0.000382289,0.00025486,0.000318575,500000000,5,Yes,0,Light Fabrication and Assembly,13,0,3,2,A,Medium,Placeholder - Description to follow
Heavy Industry,Recycling - All Other,Heavy IndustryRecycling - All Other,Live,0.002388356,0.002388356,0.002388356,0.002985445,25000000,6,Partial,0,Heavy Fabrication and Assembly,12,1,3,30,D,Surch Fire,Placeholder - Description to follow
Heavy Industry,Recycling - Metal,Heavy IndustryRecycling - Metal,Live,0.002729551,0.002729551,0.002729551,0.003411937,25000000,6,Partial,0,Heavy Fabrication and Assembly,12,1,3,30,D,Medium-High,Placeholder - Description to follow
Heavy Industry,Recycling - Paper or Plastic,Heavy IndustryRecycling - Paper or Plastic,Live,0.002388356,0.002388356,0.002388356,0.002985445,25000000,6,Partial,0,Heavy Fabrication and Assembly,12,1,3,30,D,Surch Fire,Placeholder - Description to follow
Heavy Industry,Rubber Product Manufacturing,Heavy IndustryRubber Product Manufacturing,Old,0.001501778,0.001501778,0.001501778,0.001877223,100000000,4,Yes,0,Heavy Fabrication and Assembly,12,0.25,3,30,D,Surch Fire,Placeholder - Description to follow
Heavy Industry,Rubber Product Manufacturing - Natural,Heavy IndustryRubber Product Manufacturing - Natural,Live,0.001334914,0.001334914,0.001334914,0.001668643,100000000,4,Yes,0,Heavy Fabrication and Assembly,12,0.25,3,30,D,Surch Fire,Placeholder - Description to follow
Heavy Industry,Rubber Product Manufacturing For Mechanical Use,Heavy IndustryRubber Product Manufacturing For Mechanical Use,Old,0.001501778,0.001501778,0.001501778,0.001877223,100000000,4,Yes,0,Heavy Fabrication and Assembly,12,0.25,3,30,D,Surch Fire,Placeholder - Description to follow
Heavy Industry,Sawmill,Heavy IndustrySawmill,Live,0.0023361,0.0023361,0.0023361,0.002920124,100000000,4,Yes,0,Heavy Fabrication and Assembly,12,1,3,30,D,Surch Fire,Placeholder - Description to follow
Heavy Industry,Semiconductor and Wafer Manufacturing,Heavy IndustrySemiconductor and Wafer Manufacturing,Live,0.00019605,0.000588151,0.00019605,0.000245063,500000000,6,Yes,0,Heavy Fabrication and Assembly,12,0,3,2,A,Medium-High,Placeholder - Description to follow
Heavy Industry,Sheet Metal Work Manufacturing,Heavy IndustrySheet Metal Work Manufacturing,Live,0.000266982,0.000400474,0.000266982,0.000333729,100000000,4,Yes,0,Heavy Fabrication and Assembly,12,0.25,3,30,D,Medium-High,Placeholder - Description to follow
Heavy Industry,Soap and Other Detergent Manufacturing,Heavy IndustrySoap and Other Detergent Manufacturing,Live,0.001263521,0.001263521,0.001263521,0.001579401,60000000,3,Yes,0,Chemicals Processing,15,0.25,3,30,D,Medium-High,Placeholder - Description to follow
Heavy Industry,Steel Foundries,Heavy IndustrySteel Foundries,Live,0.000667457,0.001334914,0.000667457,0.000834321,100000000,4,Yes,0,Heavy Fabrication and Assembly,12,0.25,3,30,D,Medium,Placeholder - Description to follow
Heavy Industry,Steel Foundries (Except Investment),Heavy IndustrySteel Foundries (Except Investment),Old,0.000667457,0.000667457,0.000667457,0.000834321,100000000,4,Yes,0,Heavy Fabrication and Assembly,12,0.25,3,30,D,Medium,Placeholder - Description to follow
Heavy Industry,Steel Wire Drawing,Heavy IndustrySteel Wire Drawing,Live,0.000500593,0.001001185,0.000500593,0.000625741,100000000,4,Yes,0,Heavy Fabrication and Assembly,12,0.25,3,30,D,Medium,Placeholder - Description to follow
Heavy Industry,Synthetic Rubber Manufacturing,Heavy IndustrySynthetic Rubber Manufacturing,Live,0.001501778,0.001501778,0.001501778,0.001877223,100000000,4,Yes,0,Heavy Fabrication and Assembly,12,0.25,3,30,D,Surch Fire,Placeholder - Description to follow
Heavy Industry,Tire Manufacturing (Except Retreading),Heavy IndustryTire Manufacturing (Except Retreading),Live,0.001668643,0.001668643,0.001668643,0.002085804,100000000,4,Yes,0,Heavy Fabrication and Assembly,12,0.25,3,30,D,Surch Fire,Placeholder - Description to follow
Heavy Industry,Veneer and Plywood (Hardwood) Manufacturing,Heavy IndustryVeneer and Plywood (Hardwood) Manufacturing,Live,0.001001185,0.001001185,0.001001185,0.001251482,100000000,4,Yes,0,Heavy Fabrication and Assembly,12,0.25,3,30,D,Surch Fire,Placeholder - Description to follow
Heavy Industry,Veneer and Plywood (Softwood) Manufacturing,Heavy IndustryVeneer and Plywood (Softwood) Manufacturing,Live,0.00116805,0.00116805,0.00116805,0.001460063,100000000,4,Yes,0,Heavy Fabrication and Assembly,12,0.25,3,30,D,Surch Fire,Placeholder - Description to follow
Heavy Industry,Wood Products Manufacturing,Heavy IndustryWood Products Manufacturing,Live,0.00116805,0.00116805,0.00116805,0.001460063,100000000,4,Yes,0,Heavy Fabrication and Assembly,12,1,3,30,D,Surch Fire,Placeholder - Description to follow
Hotels/Casino/Entertainment,Amusement and Theme Parks,Hotels/Casino/EntertainmentAmusement and Theme Parks,Live,0.000674183,0.000674183,0.000674183,0.000842728,50000000,2,Yes,0,Entertainment and Recreation,10,0,3,2,D,Surch Fire,Placeholder - Description to follow
Hotels/Casino/Entertainment,Bowling Centers,Hotels/Casino/EntertainmentBowling Centers,Live,0.001498734,0.001498734,0.001498734,0.001873417,15000000,2,No,0,Entertainment and Recreation,10,0,3,2,C,Surch Fire,Placeholder - Description to follow
Hotels/Casino/Entertainment,Casino,Hotels/Casino/EntertainmentCasino,Live,0.000275143,0.000275143,0.000275143,0.000343929,250000000,6,Yes,0,Casinos,48,0,3,2,A,Surch Fire,Placeholder - Description to follow
Hotels/Casino/Entertainment,Casino Hotel,Hotels/Casino/EntertainmentCasino Hotel,Old,0.000275143,0.000275143,0.000275143,0.000343929,250000000,6,Yes,0,Casinos,48,0,3,2,A,Surch Fire,Placeholder - Description to follow
Hotels/Casino/Entertainment,Conference Hotel,Hotels/Casino/EntertainmentConference Hotel,Old,0.000275143,0.000275143,0.000275143,0.000343929,100000000,6,Yes,0,Temporary Lodging,3,0,3,2,A,Medium,Placeholder - Description to follow
Hotels/Casino/Entertainment,Fitness and Recreational Sports Centers,Hotels/Casino/EntertainmentFitness and Recreational Sports Centers,Live,0.000331862,0.000331862,0.000331862,0.000414828,10000000,4,Yes,0,Entertainment and Recreation,10,0,3,2,A,Medium,Placeholder - Description to follow
Hotels/Casino/Entertainment,Full-Service Hotel,Hotels/Casino/EntertainmentFull-Service Hotel,Live,0.000275143,0.000275143,0.000275143,0.000343929,100000000,6,Yes,0,Temporary Lodging,3,0,3,2,A,Medium,Placeholder - Description to follow
Hotels/Casino/Entertainment,Golf Courses and Country Clubs,Hotels/Casino/EntertainmentGolf Courses and Country Clubs,Live,0.000624472,0.000624472,0.000624472,0.00078059,15000000,2,Yes,0,Entertainment and Recreation,10,0,3,2,A,Surch Fire,Placeholder - Description to follow
Hotels/Casino/Entertainment,Health Spas,Hotels/Casino/EntertainmentHealth Spas,Live,0.000876614,0.000876614,0.000876614,0.001095767,5000000,2,No,0,Entertainment and Recreation,10,0,3,2,A,Medium,Placeholder - Description to follow
Hotels/Casino/Entertainment,Health Spas and Gyms,Hotels/Casino/EntertainmentHealth Spas and Gyms,Old,0.000331862,0.000331862,0.000331862,0.000414828,10000000,4,Yes,0,Entertainment and Recreation,10,0,3,2,A,Medium,Placeholder - Description to follow
Hotels/Casino/Entertainment,Hotel - No Casino,Hotels/Casino/EntertainmentHotel - No Casino,Old,0.000275143,0.000275143,0.000275143,0.000343929,100000000,6,Yes,0,Temporary Lodging,3,0,3,2,A,Medium,Placeholder - Description to follow
Hotels/Casino/Entertainment,Inns/Bed and Breakfasts,Hotels/Casino/EntertainmentInns/Bed and Breakfasts,Live,0.001955292,0.001955292,0.001955292,0.002444115,5000000,1,No,0,Temporary Lodging,3,-0.25,3,2,A,Medium-High,Placeholder - Description to follow
Hotels/Casino/Entertainment,Large Stadium & Arenas,Hotels/Casino/EntertainmentLarge Stadium & Arenas,Live,0.000275143,0.000275143,0.000275143,0.000343929,100000000,6,Yes,0,Entertainment and Recreation,10,-0.25,3,2,A,Medium,Placeholder - Description to follow
Hotels/Casino/Entertainment,Limited-Service Hotel,Hotels/Casino/EntertainmentLimited-Service Hotel,Live,0.000674183,0.000674183,0.000674183,0.000842728,25000000,2,Yes,0,Temporary Lodging,3,0,3,2,A,Medium,Placeholder - Description to follow
Hotels/Casino/Entertainment,Lodges and Clubs,Hotels/Casino/EntertainmentLodges and Clubs,Live,0.001498734,0.001498734,0.001498734,0.001873417,5000000,1,No,0,Entertainment and Recreation,10,0,3,2,A,Surch Fire,Placeholder - Description to follow
Hotels/Casino/Entertainment,Motels,Hotels/Casino/EntertainmentMotels,Live,0.001685457,0.001685457,0.001685457,0.002106821,10000000,2,Yes,0,Temporary Lodging,3,0,3,2,A,Medium-High,Placeholder - Description to follow
Hotels/Casino/Entertainment,Museums,Hotels/Casino/EntertainmentMuseums,Live,0.000331862,0.000331862,0.000331862,0.000414828,25000000,4,Yes,0,Entertainment and Recreation,10,0,3,2,C,Medium,Placeholder - Description to follow
Hotels/Casino/Entertainment,Non-Motor Racetracks W/O Garages,Hotels/Casino/EntertainmentNon-Motor Racetracks W/O Garages,Live,0.001296505,0.001296505,0.001296505,0.001620631,10000000,2,No,0,Entertainment and Recreation,10,0,3,2,C,Medium,Placeholder - Description to follow
Hotels/Casino/Entertainment,Performing Arts Centres,Hotels/Casino/EntertainmentPerforming Arts Centres,Live,0.000276551,0.000276551,0.000276551,0.00034569,50000000,4,Yes,0,Entertainment and Recreation,10,0,3,2,C,Medium,Placeholder - Description to follow
Hotels/Casino/Entertainment,Racetracks,Hotels/Casino/EntertainmentRacetracks,Old,0.001296505,0.001296505,0.001296505,0.001620631,10000000,2,No,0,Entertainment and Recreation,10,0,3,2,C,Medium,Placeholder - Description to follow
Hotels/Casino/Entertainment,Racetracks Motor W Garages,Hotels/Casino/EntertainmentRacetracks Motor W Garages,Live,0.000510557,0.000510557,0.000510557,0.000638196,50000000,4,No,0,Entertainment and Recreation,10,0,3,2,C,Medium,Placeholder - Description to follow
Hotels/Casino/Entertainment,Recording Studio,Hotels/Casino/EntertainmentRecording Studio,Live,0.000759732,0.000759732,0.000759732,0.000949665,5000000,2,Yes,0,Entertainment and Recreation,10,0,3,2,A,Medium,Placeholder - Description to follow
Hotels/Casino/Entertainment,Resort Hotel,Hotels/Casino/EntertainmentResort Hotel,Live,0.000275143,0.000275143,0.000275143,0.000343929,150000000,6,Yes,0,Temporary Lodging,3,0,3,2,A,Medium,Placeholder - Description to follow
Hotels/Casino/Entertainment,Rv Parks,Hotels/Casino/EntertainmentRv Parks,Old,0.002266505,0.002266505,0.002266505,0.00283313,5000000,1,Yes,0,Entertainment and Recreation,10,0,3,2,A,Surch Fire,Placeholder - Description to follow
Hotels/Casino/Entertainment,Temporary Camps and Campgrounds,Hotels/Casino/EntertainmentTemporary Camps and Campgrounds,Live,0.002266505,0.002266505,0.002266505,0.00283313,5000000,1,Yes,0,Entertainment and Recreation,10,0,3,2,A,Surch Fire,Placeholder - Description to follow
Hotels/Casino/Entertainment,Vacant,Hotels/Casino/EntertainmentVacant,Old,0.001466469,0.001466469,0.001466469,0.001833086,5000000,1,No,0,General Commercial,37,0,3,2,A,Surch Fire,Placeholder - Description to follow
Hotels/Casino/Entertainment,Zoos and Botanical Gardens,Hotels/Casino/EntertainmentZoos and Botanical Gardens,Live,0.000674183,0.000674183,0.000674183,0.000842728,25000000,2,Yes,0,Entertainment and Recreation,10,0,3,2,D,Medium,Placeholder - Description to follow
Light Industry,Aircraft Engine and Engine Parts Manufacturing,Light IndustryAircraft Engine and Engine Parts Manufacturing,Live,0.000785192,0.000785192,0.000785192,0.00098149,100000000,4,Yes,0,Light Fabrication and Assembly,13,0,3,2,D,Medium,Placeholder - Description to follow
Light Industry,Aircraft Manufacturing,Light IndustryAircraft Manufacturing,Live,0.000392596,0.000392596,0.000392596,0.000490745,100000000,4,Yes,0,Light Fabrication and Assembly,13,0,3,2,D,Medium,Placeholder - Description to follow
Light Industry,Boat Building,Light IndustryBoat Building,Live,0.00098149,0.00098149,0.00098149,0.001226863,100000000,4,Yes,0,Light Fabrication and Assembly,13,0.25,3,2,C,Surch Fire,Placeholder - Description to follow
Light Industry,Canvas and Related Product Mills,Light IndustryCanvas and Related Product Mills,Live,0.00098149,0.00098149,0.00098149,0.001226863,20000000,4,No,0,Light Fabrication and Assembly,13,0.25,3,2,D,Surch Fire,Placeholder - Description to follow
Light Industry,Carpet Manufacturer,Light IndustryCarpet Manufacturer,Live,0.001374087,0.001374087,0.001374087,0.001717608,20000000,4,No,0,Light Fabrication and Assembly,13,0.25,3,2,D,Medium-High,Placeholder - Description to follow
Light Industry,Clothing Accessories Manufacturing,Light IndustryClothing Accessories Manufacturing,Old,0.000736118,0.000736118,0.000736118,0.000920147,20000000,4,No,0,Light Fabrication and Assembly,13,0,3,2,C,Medium-High,Placeholder - Description to follow
Light Industry,Clothing Manufacturing,Light IndustryClothing Manufacturing,Live,0.000736118,0.000736118,0.000736118,0.000920147,20000000,4,No,0,Light Fabrication and Assembly,13,0,3,2,C,Medium-High,Placeholder - Description to follow
Light Industry,Communications Equipment Manufacturing,Light IndustryCommunications Equipment Manufacturing,Live,0.000392596,0.000392596,0.000392596,0.000490745,40000000,4,Yes,0,Light Fabrication and Assembly,13,0,3,2,A,Medium-High,Placeholder - Description to follow
Light Industry,Construction Contractors,Light IndustryConstruction Contractors,Live,0.000589989,0.000589989,0.000589989,0.000737486,25000000,2,No,4,Construction,18,-0.25,3,30,D,Unknown,Placeholder - Description to follow
Light Industry,Electrical Equipment and Component Manufacturing,Light IndustryElectrical Equipment and Component Manufacturing,Live,0.000392596,0.000392596,0.000392596,0.000490745,280000000,4,No,0,Light Fabrication and Assembly,13,0,3,2,C,Medium-High,Placeholder - Description to follow
Light Industry,General Purpose Machinery Manufacturing,Light IndustryGeneral Purpose Machinery Manufacturing,Old,0.000392596,0.000392596,0.000392596,0.000490745,100000000,4,Yes,0,Light Fabrication and Assembly,13,0,3,2,D,Medium-High,Placeholder - Description to follow
Light Industry,"Highway, Street, and Bridge Construction","Light IndustryHighway, Street, and Bridge Construction",Live,0.000473458,0.000473458,0.000473458,0.000591823,60000000,3,No,0,Highway,26,-0.25,3,30,B,Unknown,Placeholder - Description to follow
Light Industry,Industrial Machinery Product Manufacturing,Light IndustryIndustrial Machinery Product Manufacturing,Old,0.000392596,0.000392596,0.000392596,0.000490745,100000000,4,Yes,0,Light Fabrication and Assembly,13,0,3,2,D,Medium-High,Placeholder - Description to follow
Light Industry,Leather Goods,Light IndustryLeather Goods,Live,0.000588894,0.000588894,0.000588894,0.000736118,20000000,4,No,0,Light Fabrication and Assembly,13,0,3,2,B,Surch Fire,Placeholder - Description to follow
Light Industry,Machinery Manufacturing,Light IndustryMachinery Manufacturing,Live,0.000392596,0.000392596,0.000392596,0.000490745,100000000,4,Yes,0,Light Fabrication and Assembly,13,0,3,2,D,Medium-High,Placeholder - Description to follow
Light Industry,Manufacturing Miscellaneous,Light IndustryManufacturing Miscellaneous,Old,0.000392596,0.000392596,0.000392596,0.000490745,100000000,4,Yes,0,Light Fabrication and Assembly,13,0,3,2,D,Medium,Placeholder - Description to follow
Light Industry,Metal Product Manufacturing,Light IndustryMetal Product Manufacturing,Live,0.000392596,0.000392596,0.000392596,0.000490745,100000000,4,Yes,0,Light Fabrication and Assembly,13,0,3,2,D,Medium-High,Placeholder - Description to follow
Light Industry,Mobile Home/Chalet Manufacturing,Light IndustryMobile Home/Chalet Manufacturing,Live,0.00098149,0.00098149,0.00098149,0.001226863,100000000,4,Yes,0,Light Fabrication and Assembly,13,0,3,2,C,Surch Fire,Placeholder - Description to follow
Light Industry,Motor Vehicle Parts Manufacturing,Light IndustryMotor Vehicle Parts Manufacturing,Old,0.000392596,0.000392596,0.000392596,0.000490745,100000000,4,Yes,0,Light Fabrication and Assembly,13,0,3,2,A,Medium-High,Placeholder - Description to follow
Light Industry,Other Metalworking Machinery Manufacturing,Light IndustryOther Metalworking Machinery Manufacturing,Old,0.000392596,0.000392596,0.000392596,0.000490745,100000000,4,Yes,0,Light Fabrication and Assembly,13,0,3,2,C,Medium-High,Placeholder - Description to follow
Light Industry,Parking Garages,Light IndustryParking Garages,Live,0.000314013,0.000314013,0.000314013,0.000392517,14000000,6,No,0,Parking,11,-0.25,3,30,A,Medium,Placeholder - Description to follow
Light Industry,Perfumes or Cosmetics,Light IndustryPerfumes or Cosmetics,Live,0.00065,0.00065,0.00065,0.00813,60000000,3,Yes,0,Chemicals Processing,15,0.25,3,30,D,Medium-High,Placeholder - Description to follow
Light Industry,Pharmaceutical Preparation Manufacturing,Light IndustryPharmaceutical Preparation Manufacturing,Live,0.000392596,0.000392596,0.000392596,0.000490745,60000000,4,Yes,0,Chemicals Processing,15,0.25,3,2,D,Medium-High,Placeholder - Description to follow
Light Industry,Printing (Commercial),Light IndustryPrinting (Commercial),Live,0.00098149,0.00098149,0.00098149,0.001226863,20000000,4,No,0,Light Fabrication and Assembly,13,0,3,2,D,Medium,Placeholder - Description to follow
Light Industry,Publishers,Light IndustryPublishers,Old,0.00098149,0.00098149,0.00098149,0.001226863,20000000,4,No,0,Light Fabrication and Assembly,13,0,3,2,D,Medium-High,Placeholder - Description to follow
Light Industry,Railroad Rolling Stock Manufacturing,Light IndustryRailroad Rolling Stock Manufacturing,Old,0.000392596,0.000392596,0.000392596,0.000490745,500000000,5,Yes,0,Light Fabrication and Assembly,13,0,3,2,A,Medium,Placeholder - Description to follow
Light Industry,Semiconductor and Wafer Manufacturing,Light IndustrySemiconductor and Wafer Manufacturing,Old,0.000196298,0.000196298,0.000196298,0.000245373,500000000,6,Yes,0,Light Fabrication and Assembly,13,0,3,2,A,Medium-High,Placeholder - Description to follow
Light Industry,Ship Building and Repairing,Light IndustryShip Building and Repairing,Live,0.000736118,0.000736118,0.000736118,0.000920147,100000000,4,Yes,0,Light Fabrication and Assembly,13,0.25,3,2,C,Surch Fire,Placeholder - Description to follow
Light Industry,Textile Product Manufacturing,Light IndustryTextile Product Manufacturing,Old,0.001177789,0.001177789,0.001177789,0.001472236,20000000,4,No,0,Light Fabrication and Assembly,13,1,3,2,D,Surch Fire,Placeholder - Description to follow
Light Industry,Textiles,Light IndustryTextiles,Live,0.000588894,0.000588894,0.000588894,0.000736118,20000000,4,No,0,Light Fabrication and Assembly,13,0.25,3,2,D,Surch Fire,Placeholder - Description to follow
Light Industry,Textiles - Nonwoven,Light IndustryTextiles - Nonwoven,Live,0.001177789,0.001177789,0.001177789,0.001472236,20000000,4,No,0,Light Fabrication and Assembly,13,0.25,3,2,D,Surch Fire,Placeholder - Description to follow
Light Industry,Tobacco Cigarette Manufacturing,Light IndustryTobacco Cigarette Manufacturing,Live,0.000736118,0.000736118,0.000736118,0.000920147,25000000,4,Yes,0,Light Fabrication and Assembly,13,0.25,3,2,C,Surch Fire,Placeholder - Description to follow
Light Industry,Transportation Equipment Manufacturing,Light IndustryTransportation Equipment Manufacturing,Old,0.000392596,0.000392596,0.000392596,0.000490745,100000000,4,Yes,0,Light Fabrication and Assembly,13,0.25,3,2,C,Medium-High,Placeholder - Description to follow
Light Industry,Travel Trailer and Camper Manufacturing,Light IndustryTravel Trailer and Camper Manufacturing,Old,0.00098149,0.00098149,0.00098149,0.001226863,100000000,4,Yes,0,Light Fabrication and Assembly,13,0.25,3,2,C,Surch Fire,Placeholder - Description to follow
Light Industry,Vacant,Light IndustryVacant,Old,0.000392596,0.000392596,0.000392596,0.000490745,100000000,4,Yes,0,General Commercial,37,0.25,3,2,A,Surch Fire,Placeholder - Description to follow
Mining,Chemical and Fertilizer Mineral Mining,MiningChemical and Fertilizer Mineral Mining,Old,0.001651646,0.001651646,0.001651646,0.002064557,250000000,4,Yes,0,Mining,21,0.25,3,30,D,Surch Fire,Placeholder - Description to follow
Mining,Coal Above,MiningCoal Above,Live,0.001101097,0.003303292,0.001101097,0.001376372,250000000,4,Yes,0,Mining,21,0.25,3,30,D,Surch Fire,Placeholder - Description to follow
Mining,Coal and Lignite Surface Mining,MiningCoal and Lignite Surface Mining,Old,0.001101097,0.001101097,0.001101097,0.001376372,250000000,4,Yes,0,Mining,21,0.25,3,30,D,Surch Fire,Placeholder - Description to follow
Mining,Coal Below,MiningCoal Below,Live,0.002202195,0.006606584,0.002202195,0.002752743,250000000,4,Yes,0,Mining,21,0.25,3,30,D,Surch Fire,Placeholder - Description to follow
Mining,Coal Underground Mining,MiningCoal Underground Mining,Old,0.002202195,0.002202195,0.002202195,0.002752743,250000000,4,Yes,0,Mining,21,0.25,3,30,D,Surch Fire,Placeholder - Description to follow
Mining,Continuous Miner,MiningContinuous Miner,Old,0.002202195,0.002202195,0.002202195,0.002752743,250000000,4,Yes,0,Mining,21,0.25,3,30,D,ERR,Placeholder - Description to follow
Mining,Gold Ore Mining,MiningGold Ore Mining,Old,0.002202195,0.002202195,0.002202195,0.002752743,250000000,4,Yes,0,Mining,21,0.25,3,30,D,ERR,Placeholder - Description to follow
Mining,Industrial Sand Mining,MiningIndustrial Sand Mining,Old,0.001651646,0.001651646,0.001651646,0.002064557,250000000,4,Yes,0,Mining,21,0.25,3,30,D,Surch Fire,Placeholder - Description to follow
Mining,Iron Ore Mining,MiningIron Ore Mining,Old,0.001101097,0.001101097,0.001101097,0.001376372,250000000,4,Yes,0,Mining,21,0.25,3,30,D,ERR,Placeholder - Description to follow
Mining,Longwall Miner,MiningLongwall Miner,Old,0.002202195,0.002202195,0.002202195,0.002752743,250000000,4,Yes,0,Mining,21,0.25,3,30,D,ERR,Placeholder - Description to follow
Mining,Metal Above,MiningMetal Above,Live,0.000550549,0.001651646,0.000550549,0.000688186,250000000,4,Yes,0,Mining,21,0.25,3,30,D,ERR,Placeholder - Description to follow
Mining,Metal Below,MiningMetal Below,Live,0.001101097,0.003303292,0.001101097,0.001376372,250000000,4,Yes,0,Mining,21,0.25,3,30,D,ERR,Placeholder - Description to follow
Mining,Metal Ore Mining (Non Precious),MiningMetal Ore Mining (Non Precious),Old,0.001101097,0.001101097,0.001101097,0.001376372,250000000,4,Yes,0,Mining,21,0.25,3,30,D,ERR,Placeholder - Description to follow
Mining,Mining Business Interruption (Below Ground),MiningMining Business Interruption (Below Ground),Old,0.001651646,0.001651646,0.001651646,0.002064557,250000000,4,Yes,0,Mining,21,0.25,3,30,D,ERR,Placeholder - Description to follow
Mining,Mining Business Interruption (Surface),MiningMining Business Interruption (Surface),Old,0.000825823,0.000825823,0.000825823,0.001032279,250000000,4,Yes,0,Mining,21,0.25,3,30,D,ERR,Placeholder - Description to follow
Mining,Non-Metal Above,MiningNon-Metal Above,Live,0.000825823,0.001651646,0.000825823,0.001032279,250000000,4,Yes,0,Mining,21,0.25,3,30,D,Surch Fire,Placeholder - Description to follow
Mining,Non-Metal Below,MiningNon-Metal Below,Live,0.001651646,0.003303292,0.001651646,0.002064557,250000000,4,Yes,0,Mining,21,0.25,3,30,D,Surch Fire,Placeholder - Description to follow
Mining,Nonmetallic Mineral Mining,MiningNonmetallic Mineral Mining,Old,0.001651646,0.001651646,0.001651646,0.002064557,250000000,4,Yes,0,Mining,21,0.25,3,30,D,Surch Fire,Placeholder - Description to follow
Mining,"Potash, Soda, and Borate Mineral Mining","MiningPotash, Soda, and Borate Mineral Mining",Old,0.001651646,0.001651646,0.001651646,0.002064557,250000000,4,Yes,0,Mining,21,0.25,3,30,D,Surch Fire,Placeholder - Description to follow
Mining,Processing Plants Above Ground,MiningProcessing Plants Above Ground,Live,0.000550549,0.001651646,0.000550549,0.000688186,250000000,4,Yes,0,Mining,21,0.25,3,30,D,ERR,Placeholder - Description to follow
Mining,Salt Mining,MiningSalt Mining,Old,0.001651646,0.001651646,0.001651646,0.002064557,250000000,4,Yes,0,Mining,21,0,3,30,D,ERR,Placeholder - Description to follow
Mining,Silver Ore Mining,MiningSilver Ore Mining,Old,0.001101097,0.001101097,0.001101097,0.001376372,250000000,4,Yes,0,Mining,21,0,3,30,D,ERR,Placeholder - Description to follow
Mining,Underground Equipment,MiningUnderground Equipment,Old,0.001651646,0.001651646,0.001651646,0.002064557,250000000,4,Yes,0,Mining,21,0,3,30,D,ERR,Placeholder - Description to follow
Offices,Financial Institutions,OfficesFinancial Institutions,Old,0.000188598,0.000188598,0.000188598,0.000235747,50000000,4,Yes,0,"Professional, Technical and Business Services",8,-0.25,3,2,A,Low,Placeholder - Description to follow
Offices,Offices,OfficesOffices,Live,0.000188598,0.000188598,0.000188598,0.000235747,50000000,4,Yes,0,"Professional, Technical and Business Services",8,-0.25,3,2,A,Low,Placeholder - Description to follow
Oil/Petro/Gas,Compressor Stations,Oil/Petro/GasCompressor Stations,Live,0.000418524,0.001046309,0.000418524,0.000523154,100000000,6,Yes,0,Petroleum,19,-0.25,3,30,D,Surch Fire,Placeholder - Description to follow
Oil/Petro/Gas,Industrial Gas Manufacturing,Oil/Petro/GasIndustrial Gas Manufacturing,Old,0.000209261,0.000209261,0.000209261,0.000261577,100000000,6,Yes,0,Natural Gas,33,-0.25,3,30,D,Surch Fire,Placeholder - Description to follow
Oil/Petro/Gas,Natural Gas Liquid Extraction,Oil/Petro/GasNatural Gas Liquid Extraction,Old,0.000209261,0.000209261,0.000209261,0.000261577,100000000,6,Yes,0,Natural Gas,33,-0.25,3,30,D,Surch Fire,Placeholder - Description to follow
Oil/Petro/Gas,Oil and Gas Processing and Distribution,Oil/Petro/GasOil and Gas Processing and Distribution,Old,0.000209261,0.000209261,0.000209261,0.000261577,100000000,6,Yes,0,Natural Gas,33,-0.25,3,30,D,Surch Fire,Placeholder - Description to follow
Oil/Petro/Gas,Other,Oil/Petro/GasOther,Live,0.000209261,0.000209261,0.000209261,0.000261577,100000000,6,Yes,0,Natural Gas,33,-0.25,3,30,D,Surch Fire,Placeholder - Description to follow
Oil/Petro/Gas,Petroleum and Coal Products,Oil/Petro/GasPetroleum and Coal Products,Old,0.000209261,0.000209261,0.000209261,0.000261577,100000000,6,Yes,0,Petroleum,19,-0.25,3,30,D,Surch Fire,Placeholder - Description to follow
Oil/Petro/Gas,Petroleum Refineries,Oil/Petro/GasPetroleum Refineries,Live,0.002092618,0.002092618,0.002092618,0.002615772,100000000,6,Yes,0,Petroleum,19,-0.25,3,30,D,Surch Fire,Placeholder - Description to follow
Oil/Petro/Gas,Pipelines,Oil/Petro/GasPipelines,Live,0.000209261,0.000209261,0.000209261,0.000261577,100000000,6,Yes,0,Petroleum,19,-0.25,3,30,D,Surch Fire,Placeholder - Description to follow
Oil/Petro/Gas,Tank Farms Storage,Oil/Petro/GasTank Farms Storage,Live,0.000418524,0.000418524,0.000418524,0.000523154,100000000,6,Yes,0,Natural Gas,33,-0.25,3,30,D,Surch Fire,Placeholder - Description to follow
Religious/Churches,Cemetery,Religious/ChurchesCemetery,Live,0.000190619,0.000190619,0.000190619,0.000238273,1000000,4,Yes,0,Religion and Nonprofit,22,-0.25,3,2,A,Medium,Placeholder - Description to follow
Religious/Churches,"Church, Mosque or Synagogue","Religious/ChurchesChurch, Mosque or Synagogue",Live,0.000953094,0.000953094,0.000953094,0.001191367,10000000,2,No,0,Religion and Nonprofit,22,-0.25,3,2,A,Medium,Placeholder - Description to follow
Religious/Churches,"Church, Mosque or Synagogue - Modern","Religious/ChurchesChurch, Mosque or Synagogue - Modern",Live,0.000381237,0.000381237,0.000381237,0.000476547,25000000,4,Yes,0,Religion and Nonprofit,22,-0.25,3,2,A,Medium,Placeholder - Description to follow
Retail,All Other Motor Vehicle Dealers,RetailAll Other Motor Vehicle Dealers,Old,0.000191342,0.000191342,0.000191342,0.000239177,10000000,4,Yes,0,Retail Trade,5,-0.25,3,2,B,Unknown,Placeholder - Description to follow
Retail,Appliance Stores,RetailAppliance Stores,Live,0.000191342,0.000191342,0.000191342,0.000239177,10000000,4,Yes,0,Retail Trade,5,-0.25,3,2,A,Medium,Placeholder - Description to follow
Retail,Auto Dealers,RetailAuto Dealers,Live,0.000191342,0.000191342,0.000191342,0.000239177,10000000,4,Yes,0,Retail Trade,5,-0.25,3,2,B,Unknown,Placeholder - Description to follow
Retail,Auto Dealers - New,RetailAuto Dealers - New,Old,0.000191342,0.000191342,0.000191342,0.000239177,10000000,4,Yes,0,Personal and Repair Services,7,-0.25,3,2,A,Medium,Placeholder - Description to follow
Retail,Auto Dealers - Used,RetailAuto Dealers - Used,Old,0.000191342,0.000191342,0.000191342,0.000239177,10000000,4,Yes,0,Personal and Repair Services,7,-0.25,3,2,A,Medium,Placeholder - Description to follow
Retail,Auto Parts,RetailAuto Parts,Live,0.000191342,0.000191342,0.000191342,0.000239177,10000000,4,Yes,0,Retail Trade,5,-0.25,3,2,B,Unknown,Placeholder - Description to follow
Retail,Auto Repair Shop Garage,RetailAuto Repair Shop Garage,Live,0.001824494,0.001824494,0.001824494,0.002280618,5000000,4,No,0,Personal and Repair Services,7,-0.25,3,2,B,Unknown,Placeholder - Description to follow
Retail,"Automotive Body, Paint, and Interior Repair and Maintenance","RetailAutomotive Body, Paint, and Interior Repair and Maintenance",Old,0.001824494,0.001824494,0.001824494,0.002280618,5000000,4,No,0,Personal and Repair Services,7,-0.25,3,2,B,Unknown,Placeholder - Description to follow
Retail,Bakeries - Retail,RetailBakeries - Retail,Live,0.000363087,0.000363087,0.000363087,0.00045386,2500000,3,Yes,0,Retail Trade,5,-0.25,3,2,C,Medium-High,Placeholder - Description to follow
Retail,Bars and Taverns,RetailBars and Taverns,Old,0.000746384,0.000746384,0.000746384,0.00093298,5000000,4,No,0,Restaurants,47,-0.25,3,2,A,Surch Fire,Placeholder - Description to follow
Retail,Boat Dealers,RetailBoat Dealers,Live,0.000191342,0.000191342,0.000191342,0.000239177,10000000,4,Yes,0,Retail Trade,5,-0.25,3,2,A,Medium-High,Placeholder - Description to follow
Retail,Building Materials,RetailBuilding Materials,Live,0.000478355,0.000478355,0.000478355,0.000597943,10000000,4,Yes,0,Retail Trade,5,-0.25,3,2,A,Medium-High,Placeholder - Description to follow
Retail,Car Rental,RetailCar Rental,Live,0.000387457,0.000387457,0.000387457,0.000484321,1000000,3,No,0,Personal and Repair Services,7,-0.25,3,2,A,Medium,Placeholder - Description to follow
Retail,Car Washes,RetailCar Washes,Live,0.000387457,0.000387457,0.000387457,0.000484321,2500000,3,No,0,Personal and Repair Services,7,-0.25,3,2,A,Low,Placeholder - Description to follow
Retail,Cinemas,RetailCinemas,Live,0.000239177,0.000239177,0.000239177,0.000298972,15000000,4,Yes,0,Entertainment and Recreation,10,-0.25,3,2,A,Medium-High,Placeholder - Description to follow
Retail,Dealers Open Lot,RetailDealers Open Lot,Live,0.000191342,0.000191342,0.000191342,0.000239177,10000000,4,Yes,0,Retail Trade,5,-0.25,3,2,B,Unknown,Placeholder - Description to follow
Retail,Department Stores,RetailDepartment Stores,Live,0.000191342,0.000191342,0.000191342,0.000239177,10000000,4,Yes,0,Retail Trade,5,-0.25,3,2,A,Medium-High,Placeholder - Description to follow
Retail,Fuel Dealers,RetailFuel Dealers,Old,0.001937283,0.001937283,0.001937283,0.002421603,2000000,3,No,0,Gasoline Service Station,44,-0.25,3,2,A,Medium-High,Placeholder - Description to follow
Retail,Funeral Homes and Services,RetailFuneral Homes and Services,Live,0.000802833,0.000802833,0.000802833,0.001003542,6000000,4,No,0,Personal and Repair Services,7,-0.25,3,2,A,Medium,Placeholder - Description to follow
Retail,Gas Petrol Stations,RetailGas Petrol Stations,Live,0.001937283,0.001937283,0.001937283,0.002421603,2000000,3,No,0,Gasoline Service Station,44,-0.25,3,2,A,Medium-High,Placeholder - Description to follow
Retail,Gas Stations (and With Convenience Stores),RetailGas Stations (and With Convenience Stores),Old,0.001937283,0.001937283,0.001937283,0.002421603,2000000,3,No,0,Gasoline Service Station,44,-0.25,3,2,A,Medium-High,Placeholder - Description to follow
Retail,Home Furnishing Stores,RetailHome Furnishing Stores,Live,0.000334849,0.000334849,0.000334849,0.000418561,20000000,4,Yes,0,Retail Trade,5,-0.25,3,2,D,Surch Fire,Placeholder - Description to follow
Retail,Laundry,RetailLaundry,Live,0.001743554,0.001743554,0.001743554,0.002179443,1000000,3,No,0,Personal and Repair Services,7,-0.25,3,2,A,Medium,Placeholder - Description to follow
Retail,Laundry - Drycleaning,RetailLaundry - Drycleaning,Old,0.001743554,0.001743554,0.001743554,0.002179443,1000000,3,No,0,Personal and Repair Services,7,-0.25,3,2,A,Medium,Placeholder - Description to follow
Retail,Laundry - No Dry Cleaning,RetailLaundry - No Dry Cleaning,Old,0.001743554,0.001743554,0.001743554,0.002179443,1000000,3,No,0,Personal and Repair Services,7,-0.25,3,2,A,Medium,Placeholder - Description to follow
Retail,Liqour Stores,RetailLiqour Stores,Live,0.000435705,0.000435705,0.000435705,0.000544631,2500000,3,Yes,0,Retail Trade,5,-0.25,3,2,A,Medium-High,Placeholder - Description to follow
Retail,"Lounges, Night Clubs, Discos","RetailLounges, Night Clubs, Discos",Live,0.000746384,0.000746384,0.000746384,0.00093298,5000000,4,No,0,Entertainment and Recreation,10,-0.25,3,2,A,Surch Fire,Placeholder - Description to follow
Retail,Miscellaneous Retailers,RetailMiscellaneous Retailers,Live,0.000215622,0.000215622,0.000215622,0.000269527,5000000,4,Yes,0,Retail Trade,5,-0.25,3,2,A,Medium,Placeholder - Description to follow
Retail,Mobile Home Dealers,RetailMobile Home Dealers,Old,0.000191342,0.000191342,0.000191342,0.000239177,10000000,4,Yes,0,Retail Trade,5,-0.25,3,2,A,Medium-High,Placeholder - Description to follow
Retail,Nurseries and Garden Centers,RetailNurseries and Garden Centers,Live,0.000968641,0.000968641,0.000968641,0.001210802,5000000,2,No,0,Retail Trade,5,-0.25,3,2,A,Medium,Placeholder - Description to follow
Retail,Pawn Shop,RetailPawn Shop,Live,0.000387457,0.000387457,0.000387457,0.000484321,2500000,2,No,0,Retail Trade,5,-0.25,3,2,A,Surch Fire,Placeholder - Description to follow
Retail,Pharmacies and Drug Stores,RetailPharmacies and Drug Stores,Live,0.000370493,0.000370493,0.000370493,0.000463116,2500000,2,Yes,0,Retail Trade,5,-0.25,3,2,A,Medium-High,Placeholder - Description to follow
Retail,Restaurants - Fast Food,RetailRestaurants - Fast Food,Live,0.001452962,0.001452962,0.001452962,0.001816203,2500000,1,No,0,Restaurants,47,-0.25,3,2,A,Medium-High,Placeholder - Description to follow
Retail,Restaurants - Not Fast Food,RetailRestaurants - Not Fast Food,Live,0.000774913,0.000774913,0.000774913,0.000968641,3000000,2,No,0,Restaurants,47,-0.25,3,2,A,Surch Fire,Placeholder - Description to follow
Retail,Self-Storage,RetailSelf-Storage,Live,0.000441558,0.000441558,0.000441558,0.000551947,15000000,4,No,0,Retail Trade,5,-0.25,3,2,A,Medium-High,Placeholder - Description to follow
Retail,Shopping Mall (Enclosed),RetailShopping Mall (Enclosed),Live,0.000191342,0.000191342,0.000191342,0.000239177,50000000,4,Yes,0,Retail Trade,5,-0.25,3,2,A,Medium-High,Placeholder - Description to follow
Retail,Specialty Food Stores,RetailSpecialty Food Stores,Old,0.000239177,0.000239177,0.000239177,0.000298972,15000000,4,Yes,0,Retail Trade,5,-0.25,3,2,C,Unknown,Placeholder - Description to follow
Retail,Stadium,RetailStadium,Old,0.00011898,0.00011898,0.00011898,0.000148725,100000000,6,Yes,0,Entertainment and Recreation,10,-0.25,3,2,A,Medium,Placeholder - Description to follow
Retail,Strip Mall,RetailStrip Mall,Live,0.000239177,0.000239177,0.000239177,0.000298972,15000000,4,Yes,0,Retail Trade,5,-0.25,3,2,A,Medium-High,Placeholder - Description to follow
Retail,Supermarkets and Grocery,RetailSupermarkets and Grocery,Live,0.000239177,0.000239177,0.000239177,0.000298972,15000000,4,Yes,0,Retail Trade,5,-0.25,3,2,C,Unknown,Placeholder - Description to follow
Retail,Vacant,RetailVacant,Old,0.000387457,0.000387457,0.000387457,0.000484321,5000000,4,Yes,0,General Commercial,37,-0.25,3,2,A,Surch Fire,Placeholder - Description to follow
Storage and Wholesale Trade,Alcohol Merchant Wholesalers,Storage and Wholesale TradeAlcohol Merchant Wholesalers,Live,0.000496959,0.000496959,0.000496959,0.000621199,40000000,4,Partial,0,Wholesale Trade,6,0,3,2,C,Medium-High,Placeholder - Description to follow
Storage and Wholesale Trade,Beer and Ale Merchant Wholesalers,Storage and Wholesale TradeBeer and Ale Merchant Wholesalers,Old,0.000496959,0.000496959,0.000496959,0.000621199,40000000,4,Partial,0,Wholesale Trade,6,0,3,2,C,Medium-High,Placeholder - Description to follow
Storage and Wholesale Trade,Condos - Commercial,Storage and Wholesale TradeCondos - Commercial,Old,0.000993918,0.000993918,0.000993918,0.001242398,15000000,2,Yes,0,Permanent Dwelling (single family housing),1,0,3,2,A,Medium,Placeholder - Description to follow
Storage and Wholesale Trade,Farm Product Warehousing and Storage,Storage and Wholesale TradeFarm Product Warehousing and Storage,Live,0.000745439,0.000745439,0.000745439,0.000931798,40000000,3,Partial,0,Wholesale Trade,6,0,3,2,D,Medium-High,Placeholder - Description to follow
Storage and Wholesale Trade,General Line Grocery Merchant Wholesalers,Storage and Wholesale TradeGeneral Line Grocery Merchant Wholesalers,Old,0.000496959,0.000496959,0.000496959,0.000621199,40000000,4,Partial,0,Wholesale Trade,6,0,3,2,C,Medium-High,Placeholder - Description to follow
Storage and Wholesale Trade,General Warehousing and Storage,Storage and Wholesale TradeGeneral Warehousing and Storage,Old,0.000496959,0.000496959,0.000496959,0.000621199,40000000,4,Partial,0,Wholesale Trade,6,0,3,2,A,Medium-High,Placeholder - Description to follow
Storage and Wholesale Trade,General Warehousing and Storage - Multi Tenant,Storage and Wholesale TradeGeneral Warehousing and Storage - Multi Tenant,Live,0.001987837,0.001987837,0.001987837,0.002484796,40000000,4,Partial,0,Wholesale Trade,6,0,3,2,A,Medium-High,Placeholder - Description to follow
Storage and Wholesale Trade,General Warehousing and Storage - Hazardous,Storage and Wholesale TradeGeneral Warehousing and Storage - Hazardous,Live,0.001987837,0.001987837,0.001987837,0.002484796,40000000,4,Partial,0,Wholesale Trade,6,0,3,2,A,Medium-High,Placeholder - Description to follow
Storage and Wholesale Trade,General Warehousing and Storage - Non-Hazardous,Storage and Wholesale TradeGeneral Warehousing and Storage - Non-Hazardous,Live,0.000496959,0.000496959,0.000496959,0.000621199,40000000,4,Partial,0,Wholesale Trade,6,0,3,2,A,Medium-High,Placeholder - Description to follow
Storage and Wholesale Trade,Grocery Merchant Wholesalers,Storage and Wholesale TradeGrocery Merchant Wholesalers,Live,0.000496959,0.000496959,0.000496959,0.000621199,40000000,4,Partial,0,Wholesale Trade,6,0,3,2,C,Medium-High,Placeholder - Description to follow
Storage and Wholesale Trade,Motor Vehicle Supplies and New Parts Merchant Wholesalers,Storage and Wholesale TradeMotor Vehicle Supplies and New Parts Merchant Wholesalers,Live,0.000496959,0.000496959,0.000496959,0.000621199,40000000,4,Partial,0,Wholesale Trade,6,0,3,2,B,Unknown,Placeholder - Description to follow
Storage and Wholesale Trade,Other Grocery and Related Products Merchant Wholesalers,Storage and Wholesale TradeOther Grocery and Related Products Merchant Wholesalers,Old,0.000496959,0.000496959,0.000496959,0.000621199,40000000,4,Partial,0,Wholesale Trade,6,0,3,2,C,Medium-High,Placeholder - Description to follow
Storage and Wholesale Trade,Other Miscellaneous Nondurable Goods Merchant Wholesalers,Storage and Wholesale TradeOther Miscellaneous Nondurable Goods Merchant Wholesalers,Old,0.000496959,0.000496959,0.000496959,0.000621199,40000000,4,Partial,0,Wholesale Trade,6,0,3,2,C,Medium-High,Placeholder - Description to follow
Storage and Wholesale Trade,Refrigerated Warehousing and Storage,Storage and Wholesale TradeRefrigerated Warehousing and Storage,Live,0.000993918,0.000993918,0.000993918,0.001242398,40000000,4,Partial,0,Wholesale Trade,6,0,3,2,C,Medium-High,Placeholder - Description to follow
Storage and Wholesale Trade,Tire and Tube Merchant Wholesalers,Storage and Wholesale TradeTire and Tube Merchant Wholesalers,Live,0.001490877,0.001490877,0.001490877,0.001863597,40000000,4,Partial,0,Wholesale Trade,6,0,3,2,A,Surch Fire,Placeholder - Description to follow
Storage and Wholesale Trade,Vacant,Storage and Wholesale TradeVacant,Old,0.001987837,0.001987837,0.001987837,0.002484796,40000000,4,Partial,0,General Commercial,37,0,3,2,A,Surch Fire,Placeholder - Description to follow
Storage and Wholesale Trade,Wine and Distilled Alcoholic Beverage Merchant Wholesalers,Storage and Wholesale TradeWine and Distilled Alcoholic Beverage Merchant Wholesalers,Old,0.000496959,0.000496959,0.000496959,0.000621199,40000000,4,Partial,0,Wholesale Trade,6,0,3,2,C,Medium-High,Placeholder - Description to follow
Transportation,Airport,TransportationAirport,Old,0.000203211,0.000203211,0.000203211,0.000254014,280000000,4,Yes,0,Air,28,-0.25,3,2,D,Medium,Placeholder - Description to follow
Transportation,Airport Authority,TransportationAirport Authority,Old,0.000203211,0.000203211,0.000203211,0.000254014,280000000,4,Yes,0,Air,28,-0.25,3,2,C,Medium,Placeholder - Description to follow
Transportation,Airport Terminals,TransportationAirport Terminals,Live,0.000203211,0.000203211,0.000203211,0.000254014,280000000,4,Yes,0,Air,28,-0.25,3,2,D,Medium,Placeholder - Description to follow
Transportation,All Other Transit and Ground Passenger Transport,TransportationAll Other Transit and Ground Passenger Transport,Old,0.000508028,0.000508028,0.000508028,0.000635035,14000000,3,No,0,Highway,26,-0.25,3,2,A,Medium-High,Placeholder - Description to follow
Transportation,Bridges and Tunnels,TransportationBridges and Tunnels,Live,0.000406422,0.000406422,0.000406422,0.000508028,60000000,4,Yes,0,Highway,26,-0.25,3,2,B,Unknown,Placeholder - Description to follow
Transportation,Bus Transport,TransportationBus Transport,Old,0.000508028,0.000508028,0.000508028,0.000635035,14000000,3,No,0,Parking,11,-0.25,3,2,A,Medium,Placeholder - Description to follow
Transportation,Bus Transport Terminal,TransportationBus Transport Terminal,Live,0.000508028,0.000508028,0.000508028,0.000635035,14000000,3,No,0,Parking,11,-0.25,3,2,A,Medium,Placeholder - Description to follow
Transportation,Cruise Ship Terminal,TransportationCruise Ship Terminal,Live,0.000508028,0.000508028,0.000508028,0.000635035,100000000,6,No,0,Sea/Water,29,-0.25,3,2,D,Unknown,Placeholder - Description to follow
Transportation,Heavy Rail,TransportationHeavy Rail,Live,0.000711239,0.000711239,0.000711239,0.000889049,260000000,6,Yes,0,Railroad,27,-0.25,3,2,B,Unknown,Placeholder - Description to follow
Transportation,Heavy Rail Terminal,TransportationHeavy Rail Terminal,Live,0.000711239,0.000711239,0.000711239,0.000889049,50000000,4,No,0,Railroad,27,-0.25,3,2,B,Unknown,Placeholder - Description to follow
Transportation,Light Rail,TransportationLight Rail,Live,0.000304817,0.000304817,0.000304817,0.000381021,50000000,6,Yes,0,Railroad,27,-0.25,3,2,B,Unknown,Placeholder - Description to follow
Transportation,Light Rail Terminal,TransportationLight Rail Terminal,Live,0.000304817,0.000304817,0.000304817,0.000381021,50000000,4,No,0,Railroad,27,-0.25,3,2,B,Unknown,Placeholder - Description to follow
Transportation,Marinas,TransportationMarinas,Live,0.000304817,0.000304817,0.000304817,0.000381021,6000000,4,No,0,Sea/Water,29,-0.25,3,2,A,Surch Fire,Placeholder - Description to follow
Transportation,Other Support Activities For Air Transportation,TransportationOther Support Activities For Air Transportation,Old,0.000406422,0.000406422,0.000406422,0.000508028,280000000,5,No,0,Air,28,-0.25,3,2,C,Medium,Placeholder - Description to follow
Transportation,Other Support Facilities For Air Transportation,TransportationOther Support Facilities For Air Transportation,Live,0.000406422,0.000406422,0.000406422,0.000508028,280000000,5,No,0,Air,28,-0.25,3,2,C,Medium,Placeholder - Description to follow
Transportation,Piers and Wharves,TransportationPiers and Wharves,Live,0.000508028,0.000508028,0.000508028,0.000635035,100000000,1,Yes,0,Sea/Water,29,-0.25,3,2,C,Surch Fire,Placeholder - Description to follow
Transportation,Port,TransportationPort,Live,0.000406422,0.000406422,0.000406422,0.000508028,100000000,4,No,0,Sea/Water,29,-0.25,3,2,C,Surch Fire,Placeholder - Description to follow
Transportation,Railroad,TransportationRailroad,Old,0.000711239,0.000711239,0.000711239,0.000889049,260000000,6,Yes,0,Railroad,27,-0.25,3,2,B,Unknown,Placeholder - Description to follow
Transportation,Roads/Highways/Toll Roads,TransportationRoads/Highways/Toll Roads,Live,0.000203211,0.000203211,0.000203211,0.000254014,60000000,4,Yes,0,Highway,26,-0.25,3,2,B,Unknown,Placeholder - Description to follow
Transportation,Rolling Stock,TransportationRolling Stock,Live,0.002032112,0.002032112,0.002032112,0.00254014,280000000,5,No,0,Railroad,27,-0.25,3,2,B,Unknown,Placeholder - Description to follow
Transportation,School and Employee Bus Transportation,TransportationSchool and Employee Bus Transportation,Old,0.000508028,0.000508028,0.000508028,0.000635035,14000000,3,No,0,Highway,26,-0.25,3,2,A,Medium-High,Placeholder - Description to follow
Transportation,Taxi,TransportationTaxi,Old,0.000508028,0.000508028,0.000508028,0.000635035,14000000,6,No,0,Parking,11,-0.25,3,2,A,Medium,Placeholder - Description to follow
Transportation,Taxi Terminal,TransportationTaxi Terminal,Live,0.000508028,0.000508028,0.000508028,0.000635035,14000000,6,No,0,Parking,11,-0.25,3,2,A,Medium,Placeholder - Description to follow
Transportation,Underground Rail,TransportationUnderground Rail,Live,0.000508028,0.000508028,0.000508028,0.000635035,50000000,6,Yes,0,Railroad,27,-0.25,3,2,B,Unknown,Placeholder - Description to follow
Transportation,Underground Rail Terminal,TransportationUnderground Rail Terminal,Live,0.000508028,0.000508028,0.000508028,0.000635035,50000000,4,No,0,Railroad,27,-0.25,3,2,B,Unknown,Placeholder - Description to follow
Unknown,Unknown,UnknownUnknown,Live,0.000881138,0.000881138,0.000881138,0.001101423,5000000,4,No,0,Unknown,0,-0.25,3,2,D,Unknown,Placeholder - Description to follow
Utilities,Construction Contractors,UtilitiesConstruction Contractors,Old,0.003337853,0.003337853,0.003337853,0.004172317,25000000,2,No,4,Construction,18,-0.25,3,30,D,Unknown,Placeholder - Description to follow
Utilities,Dam,UtilitiesDam,Live,0.000199966,0.000199966,0.000199966,0.000249957,100000000,6,Partial,0,Water,31,-0.25,3,30,D,Unknown,Placeholder - Description to follow
Utilities,Desalination,UtilitiesDesalination,Live,0.000958056,0.001916113,0.000958056,0.00119757,100000000,6,Partial,0,General Industrial,38,-0.25,3,30,D,Unknown,Placeholder - Description to follow
Utilities,Electric Power Distribution,UtilitiesElectric Power Distribution,Old,0.000958056,0.000958056,0.000958056,0.00119757,100000000,6,Partial,0,Electrical,30,-0.25,3,30,D,Unknown,Placeholder - Description to follow
Utilities,Substations,UtilitiesSubstations,Live,0.000718543,0.000718543,0.000718543,0.000898178,100000000,6,Partial,0,Electrical,30,-0.25,3,30,D,Unknown,Placeholder - Description to follow
Utilities,T&D,UtilitiesT&D,Live,0.000958056,0.000958056,0.000958056,0.00119757,100000000,6,Partial,0,Electrical,30,-0.25,3,30,D,Unknown,Placeholder - Description to follow
Utilities,Co-Generation,UtilitiesCo-Generation,Live,0.000479028,0.001437084,0.000479028,0.000598785,100000000,6,Partial,0,General Industrial,38,-0.25,3,30,D,Unknown,Placeholder - Description to follow
Utilities,Gas Fired Power Stations,UtilitiesGas Fired Power Stations,Live,0.000479028,0.001437084,0.000479028,0.000598785,100000000,6,Partial,0,General Industrial,38,-0.25,3,30,D,Unknown,Placeholder - Description to follow
Utilities,Nuclear Power Plant,UtilitiesNuclear Power Plant,Live,0.000479028,0.000958056,0.000479028,0.000598785,100000000,6,Partial,0,General Industrial,38,-0.25,3,30,D,Unknown,Placeholder - Description to follow
Utilities,"Highway, Street, and Bridge Construction","UtilitiesHighway, Street, and Bridge Construction",Old,0.002974372,0.002974372,0.002974372,0.003717965,60000000,3,No,0,Highway,26,-0.25,3,30,B,Unknown,Placeholder - Description to follow
Utilities,Hydro Electric Power,UtilitiesHydro Electric Power,Live,0.000718543,0.001724502,0.000718543,0.000898178,100000000,6,Partial,0,General Industrial,38,-0.25,3,30,D,Unknown,Placeholder - Description to follow
Utilities,Miscellaneous Waste Management,UtilitiesMiscellaneous Waste Management,Old,0.002575257,0.002575257,0.002575257,0.003219071,100000000,6,Partial,0,Sanitary Sewer,32,1,3,30,C,Low,Placeholder - Description to follow
Utilities,Natural Gas Distribution,UtilitiesNatural Gas Distribution,Live,0.000479028,0.000479028,0.000479028,0.000598785,100000000,6,Partial,0,Natural Gas,33,-0.25,3,30,D,Surch Fire,Placeholder - Description to follow
Utilities,Other Electric Power Generation,UtilitiesOther Electric Power Generation,Live,0.000479028,0.001437084,0.000479028,0.000598785,100000000,6,Partial,0,General Industrial,38,-0.25,3,30,D,Unknown,Placeholder - Description to follow
Utilities,Parking Garages,UtilitiesParking Garages,Old,0.002370288,0.002370288,0.002370288,0.00296286,14000000,6,No,0,Parking,11,-0.25,3,30,A,Medium,Placeholder - Description to follow
Utilities,Recycling - All Other,UtilitiesRecycling - All Other,Old,0.002436053,0.002436053,0.002436053,0.003045067,25000000,6,Partial,0,Light Fabrication and Assembly,13,1,3,30,D,Surch Fire,Placeholder - Description to follow
Utilities,Recycling - Metal,UtilitiesRecycling - Metal,Old,0.002784062,0.002784062,0.002784062,0.003480076,25000000,6,Partial,0,Light Fabrication and Assembly,13,1,3,30,D,Medium-High,Placeholder - Description to follow
Utilities,Recycling - Paper or Plastic,UtilitiesRecycling - Paper or Plastic,Old,0.002436053,0.002436053,0.002436053,0.003045067,25000000,6,Partial,0,Light Fabrication and Assembly,13,1,3,30,D,Surch Fire,Placeholder - Description to follow
Utilities,Services - All Other,UtilitiesServices - All Other,Old,0.000479028,0.000479028,0.000479028,0.000598785,100000000,6,Partial,0,Parking,11,-0.25,3,30,A,Medium,Placeholder - Description to follow
Utilities,Sewage Treatment Facilities,UtilitiesSewage Treatment Facilities,Old,0.000598785,0.000598785,0.000598785,0.000748481,100000000,6,Partial,0,Sanitary Sewer,32,-0.25,3,30,C,Low,Placeholder - Description to follow
Utilities,Solar Power Concentration,UtilitiesSolar Power Concentration,Live,0.002399588,0.002399588,0.002399588,0.002989486,100000000,6,Partial,0,Electrical,30,-0.25,3,30,D,Unknown,Placeholder - Description to follow
Utilities,Solar Power Generation,UtilitiesSolar Power Generation,Old,0.001520291,0.001520291,0.001520291,0.001900364,100000000,6,Partial,0,Electrical,30,-0.25,3,30,D,Unknown,Placeholder - Description to follow
Utilities,Solar Power PV,UtilitiesSolar Power PV,Live,0.00046594,0.00046594,0.00046594,0.000582425,100000000,6,Partial,0,Electrical,30,-0.25,3,30,D,Unknown,Placeholder - Description to follow
Utilities,Battery Energy Storage (BESS),UtilitiesBattery Energy Storage (BESS),Live,0.001018165,0.001018165,0.001018165,0.001272706,100000000,6,Partial,0,Electrical,30,-0.25,3,30,D,Unknown,Placeholder - Description to follow
Utilities,Thermal Power Generation,UtilitiesThermal Power Generation,Live,0.000479028,0.001437084,0.000479028,0.000598785,100000000,6,Partial,0,General Industrial,38,-0.25,3,30,D,Unknown,Placeholder - Description to follow
Utilities,Water & Sewage Treatment Facilities,UtilitiesWater & Sewage Treatment Facilities,Live,0.000598785,0.000598785,0.000598785,0.000748481,100000000,6,Partial,0,Sanitary Sewer,32,-0.25,3,30,C,Low,Placeholder - Description to follow
Utilities,Water and Sewer Line and Related Structures Construction,UtilitiesWater and Sewer Line and Related Structures Construction,Old,0.000479028,0.000479028,0.000479028,0.000598785,100000000,6,Partial,0,Water,31,-0.25,3,30,C,Low,Placeholder - Description to follow
Utilities,Water Supply and Irrigation Systems,UtilitiesWater Supply and Irrigation Systems,Live,0.000479028,0.000479028,0.000479028,0.000598785,100000000,6,Partial,0,Water,31,-0.25,3,30,C,Low,Placeholder - Description to follow
Utilities,Water Works,UtilitiesWater Works,Old,0.000479028,0.000479028,0.000479028,0.000598785,100000000,6,Partial,0,Water,31,-0.25,3,30,C,Low,Placeholder - Description to follow
Utilities,Wind Power Generation,UtilitiesWind Power Generation,Live,0.000327884,0.000327884,0.000327884,0.000409855,100000000,6,Partial,0,General Industrial,38,-0.25,3,30,D,Unknown,Placeholder - Description to follow
